id,description,sequence,length,acr_type
Acr00001,Acr00001 type=I-B,LESKNLRKLLNEYEEIDINEMLKNFRSIKNSGTKNDIEIFLHEKAIKFEKSSISSTYVVFSEDNEILGYFTIANRSLVIPKENFGILSKTQQKKLGNSAAILKNGDLMTSSFLLGQLGKNYSDDIENLITGRELLTFAYDLFLKIKELINVKYIWLECQNEPKLISFYQNFGFKMLESLTSEEGLKVMIMELK,193,I-B
Acr00002,Acr00002 type=I-C,MNNLKKTAITHDGVFAYKNTETVIGSVGRNDIVMAIDATHGEFNDKNFIIYADTNGNPIYLGYAYLDDNNDAHIDLAVGACNEDDDFDEKEIHEMIAEQMELAKRYQELGDTVHGTTRLAFDDDGYMTVRLDQQAYPDYRPENDDKHIMWRALALTATGKELEVFWLVEDYEDEEVNSWDFDIADDWREL,190,I-C
Acr00003,Acr00003 type=I-D,MNYKELEKMLDVIFENSEIKEIDLFFDPEVEISKQEFEDLVKNADPLQKVVGDNYITETFEWWEFENQYLEFELDYYVKDEKIFVLEMHFWRKIRK,96,I-D
Acr00004,Acr00004 type=I-D,MKKMKFETLKNMINPVFENSEIWEVDLIFSEEIELTEDEYKDLTKNADPLQEIINDTTGVNIYTDTYEWWEFNNQYLELEIDYYRQNDKIYLLELHFWRKVKK,103,I-D
Acr00005,Acr00005 type=I-D,MIKAITMDSEELRNLLYIEYPESDINEIEVLDTVPEEEAETVVRELLVNYTEHGINYNDTVDIIVDDEPYYNDIPMKILFDYMKDYGKTCFSIILKLTEEYYSDFLPLDTAQSANDITKTLIK,123,I-D
Acr00006,Acr00006 type=I-D,MIKAITMDSEQLRNLLYIEYPESNIDEIEVLDTVPEEEAETVVRELLVNYTEHGINYNDTVDIIVDDEPYYNDIPMKVLFDYMKDYGKTCFSIILKLTEEYYSDFLPLDTAQSANDITKTLIK,123,I-D
Acr00007,Acr00007 type=I-D,MIKAITMDSEELRNLLYIEYPESNINEIEVLDTVPEEEAETVVRELLVNYTEHGINYNDTVDIIVDDEPYYNDIPMKVLFDYMKDYGKTCFSIILKLTEEYYSDFLPLDTARSANDITKTMIK,123,I-D
Acr00008,Acr00008 type=I-D,MNTQIKVESYVQEEVKVIFSEFEKFLRNKSSETKNIKYNSGFPVTSEELEDFLHEFWMIIGKELYENEVGNVYHAQFIVKYKKIIVSVSFYFVKEDNIYKLVQVTFDKIFFGKLYELKRQLSQKKQ,126,I-D
Acr00009,Acr00009 type=I-D,MQVEEMQEKVINLAQKYTNQKRFFRLIRKSNIAEKIIKEISEFYGIREDNIELFDNEIEFMFKKESVKLILKKQGNKLKIENIEMTKSIS,90,I-D
Acr00010,Acr00010 type=I-D,MIDEKAQEKVINLSQKYVNSRKILAKVRRNRLERKIIKELAEFYGIRKDNIELFNNEIEFEFKRQYEIEDLKQEINVIVNLKIRKENNKLKLLEVKLEKSITSNS,105,I-D
Acr00011,Acr00011 type=I-D,MIKNMRLQDFLNEVFELAEKYTRNSGEKKNIFKRIRRKMIEKKIIEGIEKYYYTFYLYLYHGLDLTKNEIEFTFEDEYENKFEKIKIIVKAYFKVKIEDNEFKLINVKFEKSVKSIS,117,I-D
Acr00012,Acr00012 type=I-D,MRNMGYQYIPDEIIKLAEKYVKNASDRKNILKMIRRKMIEKKIIEKFKKFYNIIPYYIQKRINIFNGEFEYGFEDSYKNKDEKIEVITKVILKFKYENGELKLLGIKFEKSINKIS,116,I-D
Acr00013,Acr00013 type=I-D,MRNMGYQDIPNEIIKLSEKYVKIVGERKNIFKTLRRKSIEKKIIEKFEKFCDIIPLYILENILKPNNVFEYSFEKSYKNKSEKIEVITKARLKFKYENYELKLLSVKFEKSINLIS,116,I-D
Acr00014,Acr00014 type=I-D,MVKMSQPQNLSQLVESIKKLIQKDTVGIEFISFKEPIDMHIQKFELLIDILSYENTKHYWFIAGSEEKRYDLFVFDNAKELKRIVIESHFNVERIFVDLIQLIRYPR,107,I-D
Acr00015,Acr00015 type=I-D,MVKMGVTQELRQTIEEIKKLLQSDVTGVEVINFREPINIHIYELQTIIDILTYNDGKHYWFIAGTERKRYDLFVFDNEKELKRIIIESHFNVERIFIMSIQLIRYPR,107,I-D
Acr00016,Acr00016 type=I-D,MGKKMDDIRNLSQIIETIQKLLMSTEIGVKVVNFENSLDLHYEEFEWLIEDFTSDNVKHYWFFSGVQDGRYDIFVFDNPKELKRIVIESYRNLERIFIKSIQLIRYPR,108,I-D
Acr00017,Acr00017 type=I-D,MNKDMEEVIDTVQRLIQENIIGEKVVSFENSIDLHIQEFEWVIEVLIYADVKHYWFTIGREKKRYDIFIFDNTRELKRIIIESHFNVERIFIDSIQLIRYPR,102,I-D
Acr00018,Acr00018 type=I-D,MHICKSGEKRMSKQIGVKNISYSISSLVEDFFIETQKQVKILRPKRIFKFDKDQMQDLINELIFELDVKPDNIYAYDSAIYQMFEFKFKLSVIRIYFRKALENHKIVFILEKVEMIKYH,119,I-D
Acr00019,Acr00019 type=I-D,MNVENQVEKIVSLVENFFDKSNKPIETIKLNGKVMFNEEQYDDLIGELAMTLARGKLEIYEREIQSLYFSEFICVKNNEIVTIRMFFEKTREKYQLKLIEMTRLIFKCQ,109,I-D
Acr00020,Acr00020 type=I-D,MTNIIMVKNRMVNTVVRKEVTKLYYDIKRFFNDPNAKKLILKYDKPIIVRKSAFFSWIAGTCIYEHENTYYYEDDFGQYVEMKLDYEERKKEDVIEISKIILSRLSK,107,I-D
Acr00021,Acr00021 type=I-D,MNGQELSQKIISVVRDFLNDQFVQRKVLKTKKELTFSEKQLKEIVEKIMEYYGINSNNINIFNDKIEFRFDYDFGTVFGIYHETRYIRLFFEKRNNMLKLTKIELEK,107,I-D
Acr00022,Acr00022 type=I-D,MMEELMEKIKEFLDGKNAEYNIGQPEETVNDTTLVEIKLGKPIELTENEYEKLSDLLRFLGFRPTDIWENRVNDSLNYRSYKGVDEFLDKNNDQVRIYYTKVSTGDETTYFVNKIEFETEENIQKYFNELKKYVNELF,138,I-D
Acr00023,Acr00023 type=I-D,MDYEEVIQTIKEFFNSKNAEFNVGQPQKTENNTISIVVDFKEPIELTEEEYDDLYDFLDNLGFYPINGAENQVNNYIGYKSWVGVDEFENDDGDEVIVYYTKVCTGGKTTFFIKKIEVELNIQENTNEL,129,I-D
Acr00024,Acr00024 type=I-D,MNGNEIVEEILEFLNKKGAKFDIDQFETENKTLKLEVEFPKPIILTETEYDMLYDLLKSLGFYPVNGAENKINEYVGYKNYTGIEEFENDAGDKIWLEYNKVSVGGETTYFVKNVEVELNTEEFMNLLF,129,I-D
Acr00025,Acr00025 type=I-D,MDTHEFHKLLIKVVDLFLEDRIKEFELKLNTTLDELEFEELIGKPDSSNSAENNGIFIDEYSYDASENAIKKLFVEYVRQPEFKYTVLSIKGVNDWVRE,99,I-D
Acr00026,Acr00026 type=I-D,MNTQLLKQIIFNSKEEEIEFEEPLVLSKSQMLEIFGKPHHNVLVNRGDLWTEVLFYDSGVKIVLIHDNKIFRIHKIKVIGNEGKS,85,I-D
Acr00027,Acr00027 type=I-D,MKTQLLKQIFNSQKAEEEIELKEPLKLSRSQVLELLQMFGKVQRSIITSRGDIWTELLFYDSGVKIVITYEIQDNKIGIHKIKMVRG,87,I-D
Acr00028,Acr00028 type=I-D,MKAQLPKQILKQIIFNSKNAEEEIEFEEPVMLTKSQVREVFGRPKSIITANGDLWTEVLFYDSGVKIVIIQDNKIFRIHKIKMVRG,86,I-D
Acr00029,Acr00029 type=I-D,MLYYSKRLKILRHEKIKRYKCKRMKKDLNMRFYIMYISDQKMTNENVKKIRKIIDFFINSSDKEKEINFEKPLLLTRGETIEILGMPKNSILTTRFDLWTELLIYDDFKIIIIYENSDDKVFKIYKIKLMKN,132,I-D
Acr00030,Acr00030 type=I-D,MSFSYISISDKKMISENVKKLKEMINSFIKSEEKEKEIEFNPYLILNKSETIEAFGREKNSILTTRFDLWINLLFFDKYKILVIYENPDDKKFIIHKIKLIKN,103,I-D
Acr00031,Acr00031 type=I-D,MAKTLHELIDDFFKSQDKQLVIYFAEKVEVDEAEFKELVGNYVPIDFVVTGKVNVDLYYIINKGYVEIGYIKKEQGKYQLLSIHAYKECEQQ,92,I-D
Acr00032,Acr00032 type=I-D,MSYFYGNIGERKISFKEVKKIIDLFFEDSNIQELSLKFKISFEINEEDYRQLIELAFSQFIYPLNDNIEIRINTMELTDNEKDLLYEIQIVRTKKL,96,I-D
Acr00033,Acr00033 type=I-D,MFFEDSNIQELSLKFKISFEINEEDYRQLVELALSQFIYPLNDNIEIRINTKELADNEKDLLYEIQILRTKKL,73,I-D
Acr00034,Acr00034 type=I-D,MDLFFEDSIIQELSLKFKISFEINEEEYQQLIELAFSQFIYPSNDNIEIKINTKELADNEKALLYEIQLWRTKKS,75,I-D
Acr00035,Acr00035 type=I-D,MSYFYENIGERKISFKEVKKIIDLFFEDSNIQELSLKFKMSFEINEEEYQQLIELAFSQFIYSSNDNIEIKINTKELTDNEKALLYEIQILRTKKS,96,I-D
Acr00036,Acr00036 type=I-D,MGFREVKRILNIFLKDENIEELTLKFENPLKITLDEYNELTRNFKLIDAKNDCWISINMFMYYDLSKTVVKLIIHFYSDYDTINVYEINLFHEKR,95,I-D
Acr00037,Acr00037 type=I-D,MNLKKVKRIIDMFFKEKNLDELTLAFKRPLIITENEYNELVKRPNLSFEDKDPWVTSDEFVYYELSNRVVKLIIHYFKEDDIINILEIDLFREKR,95,I-D
Acr00038,Acr00038 type=I-D,MNLKKVKRIIDMFFKEKNLDELTLAFKRSLILTENEYNELVRRPNLSFIDKDPWITSDEFVYYELSNKVVKLIIHYFKEDGFINILEIDLFREKR,95,I-D
Acr00039,Acr00039 type=I-D,MNLKKVKRIIDMFFKEKNLNELTLAFKRPLIVSENEYNELVGRPNLSFVDKDPWVLSDEFVYYELSNTLVKLIIYYFKEKGFIHILEIDLFREKR,95,I-D
Acr00040,Acr00040 type=I-D,MKFKELKELVNIFSKNAEIKEIIIKTNDSIELSGDEFYELTKDKKFVNTSVKNAIFTVEFEQNEFTKFLFKYEEIDDIAYVKEIKMWREV,90,I-D
Acr00041,Acr00041 type=I-D,MEFEDLDVVLYVFFENQEMKSFEFEFKELFEITENGLRYLVGVPDSRNKIKSNSEIIEEFIYYQNDNIVIKLTFYYTKDTNKIYIRKIYGWREKRSESENEEDNI,105,I-D
Acr00042,Acr00042 type=I-D,MEFEDLDVVLYVFFENPEMKSFEFEFKELFETTENGFKYLVGVPDSRNKIKSSSEIIEEFIYYQNDNILIKLTFYYTKGTNKIYIRKIYGWREKRLENEDEENNI,105,I-D
Acr00043,Acr00043 type=I-D,MEFEDLDVVLYVFFENPEMKSFEFEFKQLFETTESGLRYLIGVPDSRNKIKNNNEIIEEFIYYQNDDIVTKLIFYYTKGTNRIYIRKIYGWKEKRLESEDEE,102,I-D
Acr00044,Acr00044 type=I-D,MEKQDLEKIESDIINDWTEADDLDDALDFLFMEKVSEFKIKFKDPLKVTEEEYRELLGNYDSSNSVSSNGITIDQYTYDEDDDIMYKLEFTYRKEDNKIYIYEVQGWREKKK,112,I-D
Acr00045,Acr00045 type=I-D,MIKMLIKDLKNVLNVFFANQQIKELSTEFKEPLLLTEKELEEVTGNYDYKNESRYEDIHMLEYNYREFNNIISKLEITYIKKDNKIAITEIHLWRKYEK,99,I-D
Acr00046,Acr00046 type=I-D,MHICKSEVKGMKSMQNLSQLESYMKKFFEDQTAKEMVVLFSEPIVITEEEYRQLISGGRYIAGTENYGMINEIFEFHESQKQYVKMLLVYYKDTDKIYINRIDCWRETSFLNEDEEDNI,119,I-D
Acr00047,Acr00047 type=I-D,MKFETLSQIVDQVFEDTTVDELQLRFREDVELNESQFKELIGQGTLVTGYEDYGTITDIYEYWETGKQYVKFLIVYYKKDEKIYIMELQMWRELKLISKP,100,I-D
Acr00048,Acr00048 type=I-D,MKYEVLNQIVNQVFEDSTVDELQLRFREDVEVSPEEFKQLIGQGTLVTGTEDYGVITDIYEYWEEGKRYVKMLLVYYKKDEKYYVMELQMWREIKL,96,I-D
Acr00049,Acr00049 type=I-D,MEFEELKSIVEKFFQDQTIVRMNLMLNKEIIVSYNQFEEIIKDGDLTYRYAEKNRTVDFYEYRNNIHSIINYFWKDNKVCIIEIDFWRSR,90,I-D
Acr00050,Acr00050 type=I-D,MEFEELKSIIDKFFQDSTIIRINLRFNKEVIASYDQFEEIVKDADLLHRYDDRNIRTDICEYRKNINSIINYYVKDSKVYIVEIDFWRSS,90,I-D
Acr00051,Acr00051 type=I-D,MVKKMEFEELKSIIDKFFQDSTIIRINLRFNKEVIVSYNQFEELIRNGDLTHRYADKNITSDIYEYRENINSIIDYYWKDNKICILEIDFWRSS,94,I-D
Acr00052,Acr00052 type=I-D,MEFEELKSIVDKFFKDKTIIRLNLRFDKEVITTYDQFQEIIRBGDLLHRYSDEKITSDVYEYRENINSIIDYYWKDNKIHIVEIDFWRSS,90,I-D
Acr00053,Acr00053 type=I-D,MKKDLYMRKIRYKRSDRKMKYKTLKDMLSPIFENSELWEVDLIFSPEVELDEQEFKELIQNAILLQQVINNKIYSDFYEWWEFENQYLELEIDYYRYDDKIFVLELHFWREEKK,114,I-D
Acr00054,Acr00054 type=I-D,MNYKELKDMLSPIFENSELWEIDLVFSPELEITEEEFKELIQNAILLQQVINNKIYSDFYEWWEFENQYLKLQVKYYKDTEKIYLRELYFWREVKK,96,I-D
Acr00055,Acr00055 type=I-D,MNYKELEKMLDVIFENSEIKEIDLFFDPEVEISKQEFEDLVKNADPLQKVVGDNYITETFEWWEFENQYLEFELDYYVKDEKIFVLEMHFWRKIRKLE,98,I-D
Acr00056,Acr00056 type=I-E,MEKKLSDAQVALVAAWRKYPDLRESLEEAASILSLIVFQAETLSDQANELANYIRRQGLEEAEGACRNIDIMRAKWVEVCGEVNQHGIRVYGDAIDRDVD,100,I-E
Acr00057,Acr00057 type=I-E,MNTYLIDPRKNNDNSGERFTVDAVDITAAAKSAAQQILGEEFEGLVYRETGESNGSGMFQAYHHLHGTNRTETTVGYPFHVMEL,84,I-E
Acr00058,Acr00058 type=I-E,MKITNDTTTYEVAELMGSEADELDGRIMMGLLSRECVVDTDDLSEDQWLALIDESQKVRREQFESDEA,68,I-E
Acr00059,Acr00059 type=I-E,MSTQYTYEQIAEDFRLWGEYMDPNAEMTEEEFQALSTEEKVAMQVEAFGAEA,52,I-E
Acr00060,Acr00060 type=I-E,MSNDRNGIINQIIDYTGTDRDHAERIYEELRADDRIYFDDSVGLDRQGLLIREDVDLMAVAAEIE,65,I-E
Acr00061,Acr00061 type=I-E,MNNDTEVLEQQIKAFELLADELKDRLPTLEILSPMYTAVMVTYDLIGKQLASRRAELIEILEEQYPGHAADLSIKNLCP,79,I-E
Acr00062,Acr00062 type=I-E,MIGSEKQVNWAKSIIEKEVEAWEAIGVDVREVAAFLRSISDARVIIDNRNLIHFQSSGISYSLESSPLNSPIFLRRFSACSVGFEEIPTALQRIRSVYTAKLLEDE,106,I-E
Acr00063,"Acr00063 type=I-E, I-F",MSTQYTYQQIAEDFRLWSEYVDTAGEMSKDEFNSLSTEDKVRLQVEAFGEEKSPKFSTKVTTKPDFDGFQFYIEAGRDFDGDAYTEAYGVAVPTNIAARIQAQAAELNAGEWLLVEHEA,119,"I-E,"
Acr00064,Acr00064 type=I-E,MTTITINTYDPEARFNMSGEEAKEFFAFVEEQAKVSGFDVYYDSCTYVDEESERFVEKCFQNY,63,I-E
Acr00065,Acr00065 type=I-F,MKFIKYLSTAHLNYMNIAVYENGSKIKARVENVVNGKSVGARDFDSTEQLESWFYGLPGSGLGRIENAMNEISRRENP,78,I-F
Acr00066,Acr00066 type=I-F,MIAQQHKDTVAACEAAEAIAIAKDQVWDGEGYTKYTFDDNSVLIQSGTTQYAMDADDADSIKGYADWLDDEARSAEASEIERLLESVEEE,90,I-F
Acr00067,Acr00067 type=I-F,MIAQQHKDTVAACEAAEAIAIAKDQVWDGEGYTKYTFDDNSVLIQSGTTQYAMDADDADSIKGYADWLDDEARTAEDSEIKRLLEAVEDEA,91,I-F
Acr00068,Acr00068 type=I-F,MSSTISDRIISRSVIEAARFIQSWEDADPDNLTESQVLAASSFAARLHEGLQATVLQRLVDESNRDEYREFQAWEEALLNADGRVTSNPFADWGWWYRIANVMLATASQNVGVAWGSHVHGRLMAIFQDRFQQHYEDEEC,140,I-F
Acr00069,Acr00069 type=I-F,MSNTISDRIVARSVIEAARFIQSWEDADPDSLTEDQVLAAAGFAARLHEGLQATVLQRLVDESNHEEYREFKAWEEALLNADGRVASSPFADWGWWYRIANVMLATASQNVGVTWGSRVHGRLMAIFQDKFKQRYEEQA,139,I-F
Acr00070,Acr00070 type=I-F,MMTISKTDIDCYLQTYVVIDPVSNGWQWGIDENGVGGALHHGRVEMVEGENGYFGLRGATHPTEKEAMAAALGYLWKCRQDLVAIARNDAIEAEKYRAKA,100,I-F
Acr00071,Acr00071 type=I-F,MSRPTVVTVTETPRNPGSYEVNVERDGKMVVGRARAGSDPGAAAAKAMQMAMEWGSPNYVILGSNKVLAFIPEQLRVKM,79,I-F
Acr00072,"Acr00072 type=I-E, I-F",MKVPAFFAANILTIEQIIEAINNDGSAMTSAPEIAGYYAWDAATDALESENDLEQLTEDDFVAHLEVLEERGAKIDRDAAIAVALQFQAAAVNDLHSGDE,100,"I-E,"
Acr00073,Acr00073 type=I-F,MKVPAFFAANILTIEQIIEAINNDGSAMTSAPEIAGYYAWDAATDALESENDLEQLTEDDFVAHLEVLEERGAKIDRDAAVAVALQFQAAAVNDLHSGDE,100,I-F
Acr00074,Acr00074 type=I-F,MKVPAFFAANILTIEQIIEAINNDGSAMTSAPEIAGYYAWDAATDALESENDLEQLTEDDFVAHLEVLEERGAKINRDAAIAVALQFQAAAVNDLHSGDE,100,I-F
Acr00075,Acr00075 type=I-F,MTIYLSNAIENATSIEQVVELINEGTCEGMEGIEFTADILAGQYAWSAAKDFVDSAGMTADDLEAQLEFLSAAGAVFSESVAVDHGLKLAAADTE,95,I-F
Acr00076,Acr00076 type=I-F,MAADFIKDANSIEQIVDGINTTEASSEVKYFGEYKLDSGEKLAAHYAYEQVANYEHISDDEIKTHLQELKSKDAHFDMNESLQIAKQFCSKCET,94,I-F
Acr00077,Acr00077 type=I-F,MISTALKQADSIEQVVQIIDNGGTAQHGPEEIAGQYAYLVMLHQKTVDKQAVKKPLDDLMSQGAMFDYDLALQQAENLLLNLVET,85,I-F
Acr00078,Acr00078 type=I-F,MIDFNSIDHAIALIQKDPEQANAIAGEYAYQMAREAYEIASESGFGMEDEDFEDQLEFLINAGLVFDVQEAINKARSLHIANQSPC,86,I-F
Acr00079,Acr00079 type=I-F,MNAEYIVCAALWDMDFSKLVPFFAMDHTVRHPKFTSEYLAGQYAYYAATSRDTVNKRTFKDELKFLRELGIKFDADQALRYAVYLSGILDYQSSKLKWL,99,I-F
Acr00080,Acr00080 type=I-F,MTQLTAQQEKSIRAFKFQFNPYGACGLGDVLTAFEDERDDEESCIFMATAYALDGAYESGYFDIDNTEAQLEALREHGAKFDFGKALEL,89,I-F
Acr00081,Acr00081 type=I-F,MNTFMTLSNADSVSAVVDFINTVNDRKDHLVDHYGWGDVAATYELNDYAAAQYAWEASEDNSIESIEANLEFIKDEGAKFNTENALKIAQLFLEA,95,I-F
Acr00082,Acr00082 type=I-F,MTLSNADSVSAVVDFINTVNDRKDHLVDHYGWGDVAATYELNDYAAAQYAWEASEDNSIESIEANLEFIKDEGAKFNTENALKIAQLFLEA,91,I-F
Acr00083,Acr00083 type=I-F,MRFTSPSRTIPSICLAIYGCGQLDRVADFINNSGEYVEDGVTFTPGMIAGQYAFEQVKLDRKGYDTRRLQKYLSFLADAGAFFSEEEALQRADDLINNFTADFGHDEDGDATFRIKAQSYRLKKYDCHALWSMINQASLTIESVKPETFCDEDSDEDISSDSLDLVLTSRLFNKQNEAFATLTQYYTVSEGMLTVEDLLDYSLLDYPNFHDESGKTYNLMENIAQRYYTECIKVVMDYFRDAHKELPDVIRSEEITSMILQPMKLPIMAN,270,I-F
Acr00084,Acr00084 type=I-F,MCLIWRHASHNGEAPTRIEAMTTFTSIVTTNPDFGGFEFYVEAGQQFDDSAYEEAYGVSVPTAVVEEMNAKAAQLKDGEWLNVSHEA,87,I-F
Acr00085,Acr00085 type=I-F,MSHASHNGEAPKRIEAMTTFTSIVTTNPDFGGFEFYVEAGQQFDDSAYEEAYGVSVPSAVVEEMNAKAAQLKDGEWLNVSHEA,83,I-F
Acr00086,Acr00086 type=I-F,MTTFTSIVTTNPDFGGFEFYVEAGQQFDDSAYEEAYGVSVPTAVVEEMNAKAAQLKDGEWLNVSHEA,67,I-F
Acr00087,Acr00087 type=I-F,MTTFTSIVTTNPDFGGFEFYVEAGQQFDDSAYEEAYGVSVPSAVVEEMNAKAAQLKDGEWLNVSHEA,67,I-F
Acr00088,Acr00088 type=I-F,MTTFTSIVTTNPDFGGFEFYVEAGQQFDDSAYEEAYGVSVPTAVVEEMNAKAAQLKDGEWLNVSHET,67,I-F
Acr00089,Acr00089 type=I-F,MTTFTSIVTTNPDFGGFEFYVEAGQQFDDSAYEEAYGVSVPSAVIEEMNAKAAQLKDGEWLNVSHEA,67,I-F
Acr00090,Acr00090 type=I-F,MTTFTSIVTTNPDFGGFEFYVEAGQQFDESAYEEAYGVSVPSAVVEEMNAKAAQLKDGEWLNVSHEA,67,I-F
Acr00091,Acr00091 type=I-F,MTTFTSIVTTNPDFGGFEFYVEAGQQFDDSAYEEAYGVSVPSAVVEEVNAKAAQLKDGEWLNVSHEA,67,I-F
Acr00092,Acr00092 type=I-F,MTTFTSIVTTNPDFGGFEFYVEAGQQFDESAYEEAYGVSVPSSVVEEMNAKAAQLKDGEWLNVSHEA,67,I-F
Acr00093,Acr00093 type=I-F,MTKFTSSVTTNPDFDGFNFYIEKGRQFDAEVYKEAYGINVPQDVIDDLNLKAEQLKDGEWLNVQHEA,67,I-F
Acr00094,Acr00094 type=I-F,MTKFTSSVTTNPDFDGFNFYIEKGRQFDAEVYKEAYGINVPQEVIDDLNLKAESLKDGEWLNVQHEA,67,I-F
Acr00095,Acr00095 type=I-F,MNNVTLEYSVVTNPDSFVGFKYYVKAGQAFDADDFAYSYKLNRSDLDPDSVLATREAAANLQPGEWLTVSHSIAA,75,I-F
Acr00096,Acr00096 type=I-F,MNNVTLEYSVVTNPDSFVGFKYYVKAGQAFDADDFAYSYKLKRSDLDPDSVLATREAAENLQPGEWLTVSHSIAA,75,I-F
Acr00097,Acr00097 type=I-F,MARIAPNEDSTMSTAYIIFNSSVAAVVDTEIANGANVTFSTVTVKEEINANRDFNLVNAQNGKISRAKRWGNEASKCEYFGREINPTEFFIK,92,I-F
Acr00098,Acr00098 type=I-F,MVAIATYNVFNGSGWLEPILLRTMKMNIAYIIRNNTVIATVSTGLPNGTEIQYSHEKTREELDANRDYNLLNAKSAKISRAQRWEKEASKCSASAVEINPLEFLIVD,107,I-F
Acr00099,Acr00099 type=I-F,MSYLISNGQIIAKTSATLASGQSVAFSGTRVAEEINAGRQWNLVNAQHATIGNGKTWDAKWAKLENGRMASEINPGEFFIA,81,I-F
Acr00100,Acr00100 type=I-F,MSYLISNGQIVAKTSATLASGQSVAFSGTRVSEEINAGRKWNLVNAQRATIGNGKTWDAKWAKLEDGRMASEINPGEFFIA,81,I-F
Acr00101,Acr00101 type=I-F,MKAAYIIKEVQNINSEREGTQIEATSLSQAKRIASKEQCFHGTVMRIETVNGLWLAYKEDGKRWVDCQ,68,I-F
Acr00102,Acr00102 type=I-F,MKSTYIIKEVQNINSDREGVKVETTSLTSAKRIASKNQFFHGTVLRIESESGNWLAYKEDGKRWIECE,68,I-F
Acr00103,Acr00103 type=I-F,MIYYIVRYNIDHVSKRDAAPSLQHYQPAAGDIKMTTTTYYFSESSSVNAIAQAEMLKATNLSDAKREASRRQCFQGTALKIGTIYSLNANGLLVDEIASKEDGKKWVDRY,110,I-F
Acr00104,Acr00104 type=I-F,MTNVVYYFTETNNINAYATAEALKAQTLADAKREASRRQCFQGTTLKIGTIYSLNSDGLLVDEITSKEDGKKWVDRY,77,I-F
Acr00105,Acr00105 type=I-F,MNTTYVLRQSDNLVFNIEGETFTFMARRLADVKRRAIRKQFHEDSNLRLEDENGNVISIKRSGFKWEDKR,70,I-F
Acr00106,Acr00106 type=I-F,MTTYYFSETSNINAYATAEALKAQTLADAKREASRRQCFQGTTLKIGTIYSLNSDGLLVDEITSKEDGKKWVDRY,75,I-F
Acr00107,Acr00107 type=I-F,MTNVIYYFTETNNINAYTTAEALKAQTLADAKREASRRQCFQGTTLKIGTIYSLNSDGLLVDEITSKEDGRKWVDRY,77,I-F
Acr00108,Acr00108 type=I-F,MINERQEIKKMTTYYFSETSNINAYATAEALKAQTLADAKREASRRQCFQGTTLKIGTIYSLNSDGLLVDEITSKEDGKKWVDRY,85,I-F
Acr00109,Acr00109 type=I-F,MTTTTYYFSESSSVNAIAQAEMLKATNLSDAKREASRRQCFQGTALKIGTIYSLNANGLLVDEIASKEDGKKWVDRY,77,I-F
Acr00110,Acr00110 type=I-F,MTTYYFTETNDRKAYRQAEALKAKTLADAKREATRRQVFYGTVLKIGTIYSLNANGLLVSEISYKDGDKWTDTI,74,I-F
Acr00111,Acr00111 type=I-F,MKYIVKEMQGAQSLRDGMVVEAKTLRWAKCLAAKLQAFRGTVMRVEDMDGTILALKVNRKWENVNPDTNNS,71,I-F
Acr00112,Acr00112 type=I-F,MGPGKKEKIIMANPVYYIREAQGQWAACNAKTMPAAKRAAVRAQMFQGTDVWVGSVVGEVIEPVAIKRHPDALNMSSRGRWVELDPAHCSVGDFGRI,97,I-F
Acr00113,Acr00113 type=I-F,MTTFHIENARIETITDFDMVIFDLVTDLGRVDLAEHINYDRDGDFKSIESTDSNIRCNLEEELCSVFDMSEKPSLMPEIDYVPFAEVIEAVEEMLEA,97,I-F
Acr00114,Acr00114 type=I-F,MTTFRIENVRIETINDFDMVKFDLVTDLGRVELAEHVNYDSEGDFKSVEYTDSNIRYNMVDELCSVFDLTDKPSLMPAIDYVTFAEIIEAVEEMLEA,97,I-F
Acr00115,Acr00115 type=I-F,MSMELFHGSYEEISEIRDSGVFGGLFGAHEKETALSHGETLHRIISPLPLTDYALNYEIESAWEVALDVAGGDENVAEAIMAKACESDSNDGWELQRLRGVLAVRLGYTSVEMEDEHGTTWLCLPGCTVEKI,132,I-F
Acr00116,Acr00116 type=I-F,MAYEKTWHRDYAAESLKRAETSRWTQDANLEWTQLALECAQVVHLARQVGEELGNEKIIGIADTVLSTIEAHSQATYRRPCYKRITTAQTHLLAVTLLERFGSARRVANAVWQLTDDEIDQAKA,124,I-F
Acr00117,Acr00117 type=I-F,MKLLNIKINEFAVTANTEAGDELYLQLPHTPDSQHSINHEPLDDDDFVKEVQEICDEYFGKGDRTLARLSYAGGQAYDSYTEEDGVYTTNTGDQFVEHSYADYYNVEVYCKADLV,115,I-F
Acr00118,Acr00118 type=I-F,MKKIEMIEISQNRQNLTAFLHISEIKAINAKLADGVDVDKKSFDEICSIVLEQYQAKQISNKQASEIFETLAKANKSFKIEKFRCSHGYNEIYKYSPDHEAYLFYCKGGQGQLNKLIAENGRFM,124,I-F
Acr00119,Acr00119 type=I-F,MTTITIAYEVSNDKVETIKTMVESQQIHNVNFNGEEFTIERGDFTSIDKDEAEHVKLLNKIQDIIHGYS,69,I-F
Acr00120,Acr00120 type=I-F,MSLSDKKEQKEAYLDALRIAPLDRGVLKRIHAVNDNTLDKWLYVADRYPTFRACWELWMFQRKRRVLISRKLHVLINRSTNRTIEAFEKTYPPEERVVGKSYRDLVTEKGERSANMYIINGEVVGAKDASILLGYSSYNTLYAKMKRLGIQPGDDISHLKPEKRGRKKECS,171,I-F
Acr00121,Acr00121 type=I-F,MFSEIKFSSLSDHALAELIKMAMEEFQQRLIKPGVNTIKTVDVEPVVLHAPSDNEMVFINNCLKKRRAGEYIHASMKDKYRDLTRKYPQWFSVKAYPDDLRGSVSKHYVDYFTKKE,116,I-F
Acr00122,"Acr00122 type=I-E, I-F",MTTIKAAYISKDQNWNDGTTTYWFDVNGETFGVVHGGESWNAKVVDCDGAPSDQYTVDQFNITEDMIAE,69,"I-E,"
Acr00123,Acr00123 type=I-F,MKPLHTMNYDNNQMSLVYESYDEYGFEYSVKLKISVRDYRGIDVSAFNAFPEWEDTLRMRDRVMSVEEIENAMISRYKSLFIAPPDCTYEFDI,93,I-F
Acr00124,Acr00124 type=I-F,MTKSEIFKFAWVDAHYLATTLGGNAVEYFAECLKKSHMINRTTAVSFEQKEYAVDVAYAAITILADGAVL,70,I-F
Acr00125,Acr00125 type=I-F,MTSIKTIEYKGNTLTLQKDSDADCISYEILLRDPIKHWVGRDVQILNIDSSTSVDVFYKKFSDSELASMMQREYDDCFPLQVTATLESVIEAGDINTKWFVVNDETGALSGKYGSVYTESGWYICNESGEKIENKLTENQISSIRVAMDRGDTATYSWEFDD,162,I-F
Acr00126,"Acr00126 type=I-E, I-F",MSKKFLEIVGNASTSATFNGKLIGHNVNASAYEKDGEIIIHLETNGSRWKSSPEVRMTKEEYDSFCEKQSRPLFVRGIELFGAEALLS,88,"I-E,"
Acr00127,Acr00127 type=I-F,MTNFQTWLDSADIPVQQNGQWIDLETGIAYDPSYNYAANTRRASLSPRGIDARAVAKTFGGRALTGTARQKEWAEKIRAEKVQQMNQDQAEMACDPSGLLTAAKFWIENRNDSAQEIAGFVMQQKALLAQHRSAKAAGQADKVAKIAAEYNALTARWGF,159,I-F
Acr00128,Acr00128 type=I-F,MNAIHIGPFSITPAARGLHYGGLPHHQWTLYYGPREMAIKTLPDSYTSSEVRDEFSDIIAEFVIDARHRYAPDVLELVNSDGDAVLARVAVSRLPEALSGCIPDDRFPYWLLTASRPRLGLPVTLNEYTALAVELSAPPLAWITGLLPGEVLTHDAEEWRPPTSWELRHVVGEGSFTGVSGAAAAALLGMSATNFRKYTAGDSAANRQKISFAAWHYLLDRLGVKRAS,228,I-F
Acr00129,Acr00129 type=II-A,MSIKLLDEFLKKHNKTRYQLSKLTGISQNTLNDYNKKELNKYSVSFLRALSMCTGISTFDVFIELAELEKNYDDLAGFKHLLDKYKLSFPAQEFELYCLIKEFECANIEVLPFTFNRFENETHVDIEKDVRKALENAITVLKEKKNELI,149,II-A
Acr00130,Acr00130 type=II-A,MTIKLLDEFLKKHDLTRYQLSKLTGISQNTLKDQNEKPLNKYTVSILRSLSLISGLSVSDVLFELEDIEKNSDDLAGFKHLLDKYKLSFPAQEFELYCLIKEFESANIEVLPFTFNRFENEEHVNIKKDVCKALENAITVLKEKKNELL,149,II-A
Acr00131,Acr00131 type=II-A,MSIKLLDEFLKKHNKTRYQLSKLTGISQNTLNDYNKKELNKYSVSFLRALSMCAGISTFDVFNELEELEKNYDDLAGFKHLLDKYKLSFSAQEFELYCLIKEFESANIEVLPFTFNRFENETHVDIEKDVRKALENAITVLKEKKNELI,149,II-A
Acr00132,Acr00132 type=II-A,MTIKLLDEFLKKHDLTRYQLSKLTGISQNTLKDQNEKSLNKYTVSILRSLSLISGLSVSDVLFELEDIEKNSDDLAGFKHLLGKYKLSFPAQEFELYCLIKEFESANIEVLPFTFNRFENETHVDIEKDVRKALENAITVLKEKKNELI,149,II-A
Acr00133,Acr00133 type=II-A,MSIKLLDEFLKKHNKTRYQLSKLTGISQNTLNDYNKKELNKYSVSFLRALSMCAGISTFDVFIELAELEKSYDDLAGFKHLLDKYKLSFPAQEFELYCLIKEFESANIEVLPFTFNRFENETHVDIEKDVRKALENAITVLKEKKNELI,149,II-A
Acr00134,Acr00134 type=II-A,MSIKLLDEFLKKHSKTRYQLSKLTGISQNTLNDYNKKELNKYSVSFLRALSMCAGISTFDVFIELAELEKSYDDLAGFKHLLDKYKLSFPAQEFELYCLIKEFESASIEVLPFTFNRFENETHVDIEKDVRKALENAITVLKEKKNELI,149,II-A
Acr00135,Acr00135 type=II-A,MSIKLLDEFLKKHSKTRYQLSKLTGISQNTLNDYNKKELNKYSVSFLRALSMCAGISTFDVFIELAELEKSYDDLAGFKHLLDKYKLSFPAQEFELYCLIKEFECANIEVLPFTFNRFENETHVDIEKDVRKALENAITVLKEKKNELI,149,II-A
Acr00136,Acr00136 type=II-A,MSIKLLDEFLKKHNKTRYQLSKLTGISQNTLNDYNKKELNKYSVSFLRALSMCAGISTFDVFIELAELEKSYDDLAGFKYLLDKHKLSFPTQEFELYCLIKEFESANIEVLPFTFNRFENETHADIEKDVKKALNNAIAVLEEKKEELL,149,II-A
Acr00137,Acr00137 type=II-A,MTIKLLDEFLKKHDLTRYQLSKLTGISQNTLKDQNEKPLNKYTVSILRSLSLISGLSVSDVLFELEDIEKNSDDLAGFKHLLDKYKLSFPAQEFELYCLIKEFESANIEVLPFTFNRFENEEHVNIEKDVCKALENAITVLKEKKNELL,149,II-A
Acr00138,Acr00138 type=II-A,MSIKLLDEFLKKHNKTRYQLSKLTGISQNTLNDYNKKELNKYSVSFLRALSMCTGISTFDVFIELAELEKSHDDLAGFKHLLDKHKLSFPAQEFELYCLIKEFESANIEVLPFTFNRFENETHVDIEKDVRKALENAITVLKEKKNELI,149,II-A
Acr00139,Acr00139 type=II-A,MTIKLLDEFLKKHDLTRYQLSKLTGISQNTLNDYNKKELNKYSVSFLRALSMCTGISTFDVFIELAELEKSYDDLAGFKHLLDKYKLSFPAQEFELYCLIKEFESANIEVLPFTFNRFENEEHTDIEKDVKKTLNNAIAVLKEKKEELL,149,II-A
Acr00140,Acr00140 type=II-A,MTIKLLDEFLKKHDLTRYQLSKLTGISQNTLKDQNEKSLNKYTVSILRSLSLISGLSVSDVLFELEDIEKNSDDLAGFKHLLGKYKLSFPAQEFELYCLIKEFESANIEVLTFTFNRFENEEHADIEKDVKKALNNAIAVLKAKKEELL,149,II-A
Acr00141,Acr00141 type=II-A,MTIKLLDEFLKKHDLTRYQLSKLTGISQNTLKDQNEKPLNKYTVSILRSLSLISGLSVSDVLFELEDIEKNSDDLAGFKHLLDKYKLSFPAQEFELYCLIKEFESTNIEVLPFTFNRFENEEHVNIKKDVCKALENAITVLKEKKNELL,149,II-A
Acr00142,Acr00142 type=II-A,MTIKLLDEFLKKHDLTRYQLSKLTGISQNTLKDQNEKSLNKYTVSILRSLSLISGLSVSDVLFELEDIEKNSDDLAGFKHLLGKYKLSFPAQEFELYCLIKEFESANIEVLTFTFNRFENEEHADIEKDVKKALNNAIAVLKEKKEELL,149,II-A
Acr00143,Acr00143 type=II-A,MSIKLLDEFLKKHSKTRYQLSKLTGISQNTLNDYNKKELNKYSVSFLRALSMCAGISTFDVFIELAELEKSYDDLAGFKHLLDKYKLSFPAQEFELYCLIKEFECANIEVLPFTFNRFENETHVDIEKDIRKALENAITVLKEKKNELI,149,II-A
Acr00144,Acr00144 type=II-A,TRYQLSKLTGISQNTLNDYNKKELNKYSVSFLRALSMCAGISTFDVFIELAELEKSYDDLAGFKHLLDKYKLSFPAQEFELYCLIKEFESANIEVLPFTFNRFENEEHVNIKKDVCKALENAITVLKEKKNELL,134,II-A
Acr00145,Acr00145 type=II-A,MSIKLLDEFLKKHNKTRYQLSKLTGISQNTLNDYNKKELNKYSVSFLRALSMCAGISTFDVFIELAELEKSYDDLAGFKHLLDKYKLSFPAQEFELYCLIKEFESANIEVLPFTFNRFENEEHVN,125,II-A
Acr00146,Acr00146 type=II-A,MTIKLLDEFLKKHDLTRYQLSKLTGISQNTLKDQNEKPLNKYTVSILRSLSLISGLSVSDVLFELEDIEKNSDDLAGFKHLLDKYKLSFPAQEFELYCLIKEFESANIEVLPFTFNRFENEEHVN,125,II-A
Acr00147,Acr00147 type=II-A,MAIKLLDEFLKKHDLTRYQLSKLTGISQNTLKDQNEKPLNKYTVSILRSLSLISGLSVSDVLFELEDIEKNSDDLAGFKHLLDKYKLSFPAQEFELYCLIKEFESANIEVLPFTFNRFENEKHVNIKKDVCKALENAITVLKEKKNELL,149,II-A
Acr00148,Acr00148 type=II-A,MSIKLLDEFLKKHNKTRYQLSKLTGISQNTLNDYNKKELNKYSVSFLRALSMCTGISTFDVFIELAELEKSYDDLAGFKHLLNKYKLSFPAQEFELYCLIKEFDSANIEVLPFTFNRFENEEHVNIEKDVCKALENAITVLKEKKNELL,149,II-A
Acr00149,Acr00149 type=II-A,MSIKLLDEFLKKHNKTRYQLSKLTGISQNTLNDYNKKELNKYSVSFLRALSMCAGISTFDVFIELAELEKSYDDLAGFKHLLDKYKLSFPAQEFELYCLIKEFESANIEVLPFTFNRFENEEHVNIKKDVCKALENAITVLKEKKNELL,149,II-A
Acr00150,Acr00150 type=II-A,MSIKLLDEFLKKHSKTRYQLSKLTGISQNTLNDYNKKELNKYSVSFLRALSMCAGISTFDVFIELAELEKSYDDLAGFKHLLDKYKLSFPAQEFELYCLIKEFESANIEVLPFTFNRFENETHVDIEKDVRKALENAITVLKEKKNELI,149,II-A
Acr00151,Acr00151 type=II-A,MSIKLLDEFLKKHSKTRYQLSKLTGISQNTLNDYNKKELNKYSVSFMRALSMCAGISTFDVFIELAELEKSYDDLAGFKHLLDKYKLSFPAQEFELYCLIKEFESANIEVLPFTFNRFENETHVDIEKDVRKALENAITVLKEKKNELI,149,II-A
Acr00152,Acr00152 type=II-A,MNIKLLDEFLKKHDLTRYQLSKLTGISQNTLNDYNKKELNKYSVSFLRALSMCTGISTFDVFIELAELEKSYDDLAGFKHLLDKHKLSFPAQEFELYCLIKEFESANIEVLPFTFNRFENEEHADIEKDVKKALNNAIAVLKAKKEELL,149,II-A
Acr00153,Acr00153 type=II-A,MSIKLLDEFLKKHNKTRYQLSKLTGISQNTLNDYNKKELNKYSVSFLRALSMCAGISTFDVFKELEELEKNYDDLAGFKHLLDKYKLSFSAQEFELYCLIKEFESANIEVLPFTFNRFENETHVDIEKDVRKALENAITVLKEKKNELI,149,II-A
Acr00154,Acr00154 type=II-A,LNDYNKKELNKYSVSFLRALSMCAGISTFDVFIELAELEKSYDDLAGFKHLLDKYKLSFPAQEFELYCLIKEFESANIEVLPFTFNRFENETHVDIEKDVRKALNNAIAVLKEKKEELL,119,II-A
Acr00155,Acr00155 type=II-A,MSIKLLDEFLKKHSKTRYQLSKLTGISQNTLNDYNKKELNKYSVSFLRALSMCAGISTFDVFIELAELEKSYDDLAGFKHLLDKYKLSFPAQEFELYCLIKEFECANIEVLPFTFNRFENETHVDIEKDVRKALENAITVLKEKKNELL,149,II-A
Acr00156,Acr00156 type=II-A,MSIKLLDEFLKKHNKTRYQLSKLTGISQNTLNDYNKKELNKYSVSFLRALSMCAGISTFDVFIELAELEKSYDDLAGFKYLLDKHKLSFPAQEFELYCLIKEFESANIEVLPFTFNRFENETHVDIEKDVRKALENAITVLKEKKNELI,149,II-A
Acr00157,Acr00157 type=II-A,MTIKLLDEFLKKHDLTRYQLSKLTGISQNTLKDQNEKSLNKYTVSILRSLSLISGLSVSDVLFELEDIEKNSDDLAGFKHLLGKYKLSFPAQEFELYCLIKEFESANIEVLTFTFNRFENEEHADIEKDVKKTLNNAIAVLKEKKEELL,149,II-A
Acr00158,Acr00158 type=II-A,MTIKLLDEFLKKHDLTRYQLSKLTGISQNTLKDQNEKPLNKYTVSILRSLSLISGLSVSDVLFELEDIEKNSDDLAGFKHLLDKYKLSFPAQEFELYCLIKEFESANIEVLPFTFNRFENETHVDIEKDVRKALENAITVLKEKKNELI,149,II-A
Acr00159,Acr00159 type=II-A,MTITTAQKRYYDAMNEFEAIISKELEQTPAFSQDLLNDSDYLAVTKNEAYAVALCLLDDDKLYLDETLVHSTRLDIEDETYYINFVVTNEDDFKLATDEDKEKHDKQEVIIKSGLN,116,II-A
Acr00160,Acr00160 type=II-A,MTLTRAQKKYAEAMHEFINMVDDFEESTPDFAKEVLHDSDYVVITKNEKYAVALCSLSTDECEYDTNLYLDEKLVDYSTVDVNGVTYYINIVETNDIDDLEIATDEDEMKSGNQEIILKSELK,123,II-A
Acr00161,Acr00161 type=II-A,MTLTTVQKRYYDAMNEFEAITSKELEQTPEFSQDSLNDSDYLAVTKNEAYAVALCLLDDDKLYLDETLVHSTRFDIEDETYYINFVVTNEDDFKLATDEDKEKHDKQEVIIKSELN,116,II-A
Acr00162,Acr00162 type=II-A,MTITTAQKRYYDAMNEFEAIISKELEQTPAFSQDLLNDSDYLVITKNEAYAVALCLLDDDKLYLDETLVHSTRLDIEDETYYINFVVTNEDDFKLATDEDKEKHDKQEVIIKSELN,116,II-A
Acr00163,Acr00163 type=II-A,MTITTAQKRYYDAMNEFEAIISKELEQTPAFSQDLLNDSDYLVITKNEAYAVALCMLDDDKLYLDETLVQSTRLDIEDETYYINFVVTNEDDFKLATDEDKEKHDKQEVIIKSELN,116,II-A
Acr00164,Acr00164 type=II-A,MTLTTAQKRYYDAMNEFEAIISKELEQTRAFSQDLLNDSDYLVITKNEAYAVDLCMLDDDKLYLDETLVQSTRLDIEDETYYINFVVTNEDDFKLATDEDKEKHDRQEVIIKSELN,116,II-A
Acr00165,Acr00165 type=II-A,KMTLTRAQKKYAEAMHEFINMVDDFEESTPDFAKEVLHDSDYVVITKNEKYAVALCSLSTDECEYDTNLYLDEKLVDYSTVDVNGVTYYINIVETNDIDDLEIATDEDEMKSGNQEIILKSELN,124,II-A
Acr00166,Acr00166 type=II-A,MTITRAQKKYAEAMHEFINMVDDFEESTPDFAKEVLHDSDYVVITKNEKYAVALCSLSTDECEYDTNLYLDEKLVDYSTVDVNGVTYYINIVETNDIDDLEIATDEDEMKSGNQEIILKSELK,123,II-A
Acr00167,Acr00167 type=II-A,MTITTAQKKYAEAMHEFINMVDDFEESTPDFAKEVLHDSDYVVITKNEKYAVALCSLSTDECEYDTNLYLDEKLVDYSTVDVNGVTYYINIVETNDIDDLEIATDEDEMKSGNQEIILKSELK,123,II-A
Acr00168,Acr00168 type=II-A,MTLTRAQKKYAEAMHEFINMVDDFEESTPDFAKEVLHDSDYVVITKNEKYAVALCSLSTDECEYDTNLYLDEKLVDYSTVDVNGVTYYINIVETNDIDDLEIATDEDEMKSGNQEIILKSELN,123,II-A
Acr00169,Acr00169 type=II-A,MHEFINMVDDFEESTPDFAKEVLHDSDYVVITKNEKYAVALCSLSTDECEYDTNLYLDEKLVDYSTVDVNGVTYYINIVETNDIDDLEIATDEDEMKSGNQEIILKSELK,110,II-A
Acr00170,Acr00170 type=II-A,MTLTRAQKKYAEAMHEFINMVDDFEESTPDFAKEVLHDSDYVVITKNEKYAVALCSLSTDECEYDTNLYLDEKLVDYSTVDVNGVTYYINIVETNDIDDLEIATDEDEMKSGNQEIILKSEL,122,II-A
Acr00171,Acr00171 type=II-A,MTLTRAQKKYAEAMHEFINMVDDFEESTPDFAKEVLHDSDYVVITKNEKYAVALCSLSTDECEYDTNLYLDEKLVDYSTVDVNGVTYYINIVETKDIDDLEIATDEDKEKHDKQEVIIKSELN,123,II-A
Acr00172,Acr00172 type=II-A,MTTARKKFYQAISEFEAMTGKDVERTPQIADEVLNDAEYIAFTKTEKYALYLCTSNVEGLEDRYFLDEECLDSTFLETEDNETYYIHFLQETEFSEDDNEDELPLATEEQIEAYDKQEELKAVILKKELN,130,II-A
Acr00173,Acr00173 type=II-A,MTITTAQKRYYDAMNEFEAITSKELEQTPEFSQDLLNDSDYLVITKNEAYAVALCMLDDDKLYIDETLVQSTCLDVEGETYYINFVVTNEDDFKLATDKDKEKHDKQEVIIKSELN,116,II-A
Acr00174,Acr00174 type=II-A,MTITTAQRKYNEAMHEFINMVDDFEESTPDFAKEVLHDCDYVVVTKNEKYAVALCTLSTDECEYDTNLYLDEKLVDYSTVNVNGVTYYINIVETNDIDDLEIATDEDEMKSDNQKIILKSELK,123,II-A
Acr00175,Acr00175 type=II-A,MTITTAQKRYYDAMNEFEAITSKELEQTPEFSQDLLNDSDYLVVTKNEAYAAALCMLDDDKLYLDETLVQSTCLDVEGEIYYINFVVTNEDDFKLATDKDKEKHDKQEVIVKSELN,116,II-A
Acr00176,Acr00176 type=II-A,MTITTAQRKYNEAMHEFINMVDDFEESTPDFAKEVLHDSDYVVITKNEKYAVALCSLSTDECEYDTNLYLDEKLVDYSTVDVNGVTYYINIVETNDIDDLEIATDEDEMKSGNQEIILKSELK,123,II-A
Acr00177,Acr00177 type=II-A,MTLTRAQKKYAEAMHEFINMVDDFEESTPDFAKEVLHDSDYVVITKNEKYAVALCSLSTDECEYDTNLYLDEKLVDYSTVDVNGVTYYINIVETKDIDDLEIATDEDEMKSDNQEIILKSELK,123,II-A
Acr00178,Acr00178 type=II-A,MYNKAEIMKQAWNWFNDSNIWLSDIEWVSYTDKEKSFSVCLKAAWSKAKEEVEESKKESKHIAKSEELKAWNWAERKLGLHFNISDDEKFTSVKDETKINFGLSLWACAMKAVKLHNDLFPQTAA,125,II-A
Acr00179,Acr00179 type=II-A,MYNKAEIMKQAWNWFNDSNIWLSDIEWVSYTDKEKSFSVCLKAAWSKAKEEVEESKKESKYIAKSEELKAWNWAERKLGLRFNISDDEKFTSVKDETKINFGLSVWACAMKAVKLHNDLFPQTAA,125,II-A
Acr00180,Acr00180 type=II-A,MFNKAEIMKQAWNWFTDSNVWLSDIEWASYTDKEKTFSVCLKAAWSKAKEEVKEVEKEIKHISKSEELKAWNWAERKLGLHFNISDDEKFTSVKDETKINFGLSVWACAMKAVKLHNDLFPQTAA,125,II-A
Acr00181,Acr00181 type=II-A,MFNKAEIMKQAWNWFTDSNVWLSDIEWVSYTDKEKTFSVCLKAAWSKAKEEVKEVEKEIKHISKSEELKAWNWAERKLGLRFNISDDEKFTSVKDETKQHFGLSVWACAMKAVKLHNDLFPQTAA,125,II-A
Acr00182,Acr00182 type=II-A,MYNKSEIMQQAWNWFRDSSVWLSDIEWVSYTDKEKTFSVCLKAAWSKAKEEVEESKKESKHIAKSEELKAWNWAESKLGLRFNISDDEKFTSVKDETKINFGLSVWACAMKAVKLHNDLFPQTAA,125,II-A
Acr00183,Acr00183 type=II-A,MYNKAEIMKQAWNWFNDSNVWLSDIEWASYTDKEKTFSVCLKAAWSKAKEEVKEVEKEIKHISKSEELKAWNWAERKLGLHFNISDDEKFTSVKDETKINFGLSVWACAMKAVKLHSHLFPQTAA,125,II-A
Acr00184,Acr00184 type=II-A,MFNKAEIMKQAWNWFNDSNIWLSDIEWVSYTDKEKSFSVCLKAAWSKAKEEVEESKKESKHIAKSEELKAWNWAERKLGLHFNISDDEKFTSVKDETKINFGLSVWACAMKAVKLHNDLFPQTAA,125,II-A
Acr00185,Acr00185 type=II-A,MYNKAEIMKQAWNWFNDSNIWLSDIEWVSYTDKEKSFSVCLKGAWSKAKEEVEESKKESKHIAKSEELKAWNWAERKLGLHFNISDDEKFTSVKDETKINFGLSVWACAMKAVKLHNDLFPQTAA,125,II-A
Acr00186,Acr00186 type=II-A,MFNKAEIMKQAWNWFTDSNVWLSDIEWVSYTDKEKTFSVCLKAAWSKAKEEVKEVEKEIKHISKSEELKAWNWAERKLGLHFNISDDEKFTSVKDETKINFGLSVWACAMKAVKLHNDLFPQTAA,125,II-A
Acr00187,Acr00187 type=II-A,MYNKAEIMKQAWNCFNDSNVWLSDIEWVSYTDKEKTFSVCLKAAWSKAKEEIEESKKESKHIAKSEELKAWNWAERKLGLRFNISDDEKFTSVKDETKQHFGLSVWACAMKAVKLHNDLFPQTAA,125,II-A
Acr00188,Acr00188 type=II-A,MYNKAEIMKQAWNCFNDSNVWLSDIEWVSYTDKEKTFSVCLKAAWSKAKEEIEKSKKESKHIAKSEELKAWNWAERKLGLRFNISDDEKFTSVKDETKQHFGLSVWACAMKAVKLHNDLFPQTAA,125,II-A
Acr00189,Acr00189 type=II-A,MYNKAEIMKQAWNWFNDSNVWLSDIEWASYTDKEKTFSVCLKAAWSKAKEEVKEVEKEIKHISKSEELKAWNWAERKLGLHFNISDDEKFTSVKDETKINFGLSVWACAMKAVKLHNDLFPQTAA,125,II-A
Acr00190,Acr00190 type=II-A,MYNKAEIMKQAWNWFTDSNVWLSDIEWASYTDKEKTFSVCLKAAWSKAKEEVKEVEKEIKHISKSEELKAWNWAERKLGLHFNISDDEKFTSVKDETKINFGLSVWACAMKAVKLHNDLFPQTVA,125,II-A
Acr00191,Acr00191 type=II-A,MYNKAEIMKQAWNWFNNSNVWLSDIEWVSYTDKEKTFSVCLKAAWSKAKEEVEESKEESKHIAKSEELKAWNWAERKLGLHFNISDDEKFTSVKDETKINFGLSVWACAMKAVKLHNDLFPQTAA,125,II-A
Acr00192,Acr00192 type=II-A,MNINDLIREIKNKDYTVKLSGTDSNSITQLIIRVNNDGNEYVISESENESIVEKFISAFKNGWNQEYEDEEEFYNDMQTITLKSELN,87,II-A
Acr00193,Acr00193 type=II-A,MNLKELVREIKNKDYTAKLSGTDSNSITQLIIHVNNDGNEYGISESNFESIVEKFVSNFENGWDGAYEDEEEFYNDMQDIVNRHFK,86,II-A
Acr00194,Acr00194 type=II-A,MNLKELVREIKNKDYTAKLSGTDSNSITQLIIHVNNDGNEYGISESNFESIVEKFVSTFENGWDGAYEDEEEFYNDMQDIVNRHFK,86,II-A
Acr00195,Acr00195 type=II-A,MNINELIREIKNKDYTAKLSGTDSNSITQLIIHVNNDGNEYVISESENESIVEKFISAFKNGWNQEYEDEEEFYNDMQTITLKSELN,87,II-A
Acr00196,Acr00196 type=II-A,MNISELIREIKNKDYAVRLEGTDDNSITKLIIDVDNDGNEYVISESKNESIAEKFASTFKNGWNKEYEDEEEFYNDMQSIILKSELN,87,II-A
Acr00197,Acr00197 type=II-A,MNINELIREIKNKDYTAKLSGTDSNSIAQLIIRVNNDGNEYVISESENESIVEKFISAFKNGWNQEYEDEEEFYNDMQTITLKSELN,87,II-A
Acr00198,Acr00198 type=II-A,MNINELIREIKNKDYTAKLSGTDSNSITQLIIRVNNDGNEYVISESENESIVEKFISAFKNGWNQEYEDEEEFYNDMQTITLKSELN,87,II-A
Acr00199,Acr00199 type=II-A,GSMNINDLIREIKNKDYTVKLSGTDSNSITQLIIRVNNDGNEYVISESENESIVEKFISAFKNGWNQEYEDEEEFYNDMQTITLKSELN,89,II-A
Acr00200,Acr00200 type=II-A,MAYGKSRYNSYRKRSFNRSNKQRREYAQEMDRLEKAFENLDGWYLSSMKDSAYKDFGKYEIRLSNHSADNKYHDLENGRLIVNIKASKLNFVDIIENKLDKIIEKIDKLDLDKYRFINATNLEHDIKCYYKGFKTKKEVI,140,II-A
Acr00201,Acr00201 type=II-A,MKINDDIKELILEYMSRYFKFENDFYKLPGIKFTDANWQKFKNGGTDIEKMGAARVNAMLDCLFDDFELAMIGKAQTNYYNDNSLKMNMPFYTYYDMFKKQQLLKWLKNNRDDVIGGTGRMYTASGNYIANAYLEVALESSSLGSGSYMLQMRFKDYSKGQEPIPSGRQNRLEWIENNLENIR,183,II-A
Acr00202,Acr00202 type=II-A,MKINNDIKELILEYVSRYFKFENDFYKLPGIKFTDANWQKFKNGDTSIEKMGAARVNAMLDCLFEDFELAMIGKAQTNYYIDNSLKLNMPFYAYYDMFKKQQLLKWLKNNRDDVIGGTGRMYTASGNYIANAYLEVALESSSLGSGSYMLQMRFKDYSKGQEPIPSGRQNRLEWIENNLENIR,183,II-A
Acr00203,Acr00203 type=II-A,MKINNDIKELILEYVSRYFKFENDFYKLPGIKFTDANWQKFKNGETSIEKMGAARVNAMLSCLFEDFELAMIGKAQTNYYIDNSLKLNMPFYAYYDMFKKQLLINWLKNNRDDVIGGTGRMYTASGNYIANAYLEVALESSSLGSGSYMIQMRFKDYSKGQEPIPSGRKNRLEWIENNLENIR,183,II-A
Acr00204,Acr00204 type=II-A,MTFGQALESLKRGHLVARKGWNGKGMFIFMRPEDSLPTNMIVNQVKSLPESFKRWVANNHGDSETDRIKFTAYLCMKAADGTIVNGWLASQTDMLANDWVIVE,103,II-A
Acr00205,Acr00205 type=II-A,MSIFTDMIPAELLINEYKKGQSGAKHDNYVSVGRIMVAIYKNNSFKNTGTVKYQDSTHSGITMSKVFIDGKEYRIDIDTQHYEVQDFDTSGRQTTLILKRIDLYG,105,II-A
Acr00206,Acr00206 type=II-A,MKGTEHFKQTIKEYLDGRAQTDELFAVSYAKENKNLDDCITFILNQVKASGCCGMTDDEVWSLAIHYYDEDNIDVGNPISCGVVVNHKVELTEEEKAQARKEALKAYQEEEMRKIQQRHSKPKPTAKAAQSNQTELSLFDF,141,II-A
Acr00207,Acr00207 type=II-A,MDNKFKLRKAINGIEELNFAFDKLTAIDYKTICRIERKMNGLSVDALADSIIASAGTRKTSSEFRIACAWVAAVKGTDGLTVDDYDQLSLDDLLELETFGLLFFVGSLE,109,II-A
Acr00208,Acr00208 type=II-A,MADMTLRQFCERYRKGDFLAKDRETQIEAGWYDWFCDDKALAGRLAKIWGILKGITSDYILDNYRVWFKNNCPMVGPLYDDVRFEPLDEEQRDELYFGVAIDDKRREKKYVIFTARNDYENECGFNNVREVRQFINGWEDELKNEEFYKAREKKRQEMEEANNKFAEIMQRADEILWNLKED,182,II-A
Acr00209,Acr00209 type=II-A,MSKTMYKNDVIELIKNAKTNNEELLFTSVERNTREAATQYFRCPEKHVSDAGVYYGEDFEFDGFEIFEDDLIYTRSYDKEELN,83,II-A
Acr00210,Acr00210 type=II-A,MEVMNKSIEIKDQNNIVLIDSLGQFFTDIENDNNGRYNIDYVLLNEVEHDNGNTYYEVGMYRTEEVPFSDKVTQDNVELLEDKWLQIDQQGESYVESIFFENEEDAREYIKLVLKGHETFEETAKAIGVIK,131,II-A
Acr00211,Acr00211 type=II-A,LKKTIEKLLNSDLNSNYIAKKTGVEQSTIYRLRTGERQLGKLGLDSAERLYNYQKEIENMKSVKYISNMSKQEKGYRVYVNVVNEDTDKGFLFPSVPKEVIENDKIDELFNFEHHKPYVQKAKSRYDKNGIGYKIVQLDEGFQKFIELNKEKMKENLDY,159,II-A
Acr00212,Acr00212 type=II-A,MRKTIERLLNSELSSNSIAVRTGVSQAVISKLRNGKKELGNLTLNSAEKLFEYQKEMEKVDTWIVYRGRTADMNKSYIAEGSTYEEVYNNFVDKYGYDVLDEDIYEIQLLKKNGENLDDYDVDSDGINNYDKLDEFRESDYVDLEDYDYRELFENSSSQVYYHEFEITHE,170,II-A
Acr00213,Acr00213 type=II-A,MGYIGTKRSERSQDAIEDYEVPLNHFNKDLIQAFIDENEAYDTLKTKKVRLWKFVAPRAGATSWHHTGTYYNKTDHYSLEKVADELLQNGDEWEEQFKAYVKEEQETATSEPVFLSVIKVQIWGGSMKRPKLVGHEVVMGVKKEGWLHAVSKATQSKYKLSANKVEMQKHYSLEDYSALTKDFPEFKAQKRAINKKMKEMYN,202,II-A
Acr00214,Acr00214 type=II-A,MAILNNKGEKISIDCADLISEVEEDILIFGGTFLVYAICSWREIEQVEYISDYVHADNPESYKDELTTKEYAELKEIYEKDLEELKITKNKQMNLNELLSILTIQNSIT,109,II-A
Acr00215,Acr00215 type=II-A,MKIDTTVTEVKENGKTYLRLLKGNEQLKAVSDKAVAGVNLFPGAKIGSFLVRQDNIVVFPDNKGEFDLDFFNLLNDNFETLVEYAKMADCLDIAFDINEKSYFNMIMWLMKNIDENWSQSPYGESFYSSKDIDWGYKPEGSLRVSDHWNFGQDGEHCPTAEPVDGWAVCKFENGKYHLIKKF,182,II-A
Acr00216,Acr00216 type=II-A,MKLIVEVEETNYKNLVNYTKLTNESHNILVNRLISEYITKPYELRLDLSERYSNRDLIEFKFMLIEYCKEALQDIKELANSDEAYETDEAFEAVFRQLFEEVISNPDTVLKAFHSYTSFLEENK,124,II-A
Acr00217,Acr00217 type=II-A,MKNYEVTNEVKNLNTQVETIGQAVDLYKEYGSNTIVWSIDKNEDLIDEVTELVAEYAEKGTVIK,64,II-A
Acr00218,Acr00218 type=II-A,MDYDNENYLIPKILLQDDFYSSLSAKDILVYAVLKDRQIEALEKGWIDTDGSIYLNFKLIELAKMFSCSRTTMIDVMQRLEEVNLIERERVDVFYGYSLPYKTYINEV,108,II-A
Acr00219,Acr00219 type=II-C,MKEVFKLKPELVTYKGCGWALACIKDGEIIDLTYVRDLGIEEYDENFDGLEPEIIYYDVVASQACKEVAYRYEEMGEFTFGLCSCWEFNVM,91,II-C
Acr00220,Acr00220 type=II-C,MNVYPVPDSFAGNYGVGYALAAIAGGQVLSLKYIAEHVDEKTQDELAEGGAPARNAAFKWIGSQSAGPVVRELQALGRVCAGMCSGWEFVEL,92,II-C
Acr00221,Acr00221 type=II-C,MNKTYKIGKNAGYDGCGLCLAAISENEAIKVKYLRDICPDYDGDDKAEDWLRWGTDSRVKAAALEMEQYAYTSVGMASCWEFVEL,85,II-C
Acr00222,Acr00222 type=II-C,MNVFPIPDSLAEAYHGAGWALGAVLGGQLVALRYVADLGVSVEPGAAGVQAVRAWIESPGAAPVVRELQALGRVTIGMCSGWQFVEQ,87,II-C
Acr00223,Acr00223 type=II-C,MTLTDWIVDRVRHNTMNVFKVPQSLADKYHGAGYALAATVAGQLVDIVYLADMLPDFGGQDGPTRADAQTAIDEPVLAPTVRHLQALGSVHMGMLSGWAFVEL,103,II-C
Acr00224,Acr00224 type=II-C,MTDSQGREALSVIHINVPRAMKARWVKASQSREQKLTDWIIEKLESRTMNVYPIPETLAAKYHGAGHALAAVTGGQIVDLVYIEDALLDYDADAPGALAAAIDDQRLAPTVRRLQALGQVSAGMCGAWEFVEL,133,II-C
Acr00225,Acr00225 type=II-C,MIERSAKRARPIRRIPRQGRRRLHPPACARCAQGMVGARWPQPGVTLTDWIVDRVRHNTMNVFKVPQSLADKYHGAGYALAATVAGQLVDIVYLADMLPDFGGQDGPTRADAQTAIDEPVLAPTVRHLQALGSVHMGMLSGWAFVEL,147,II-C
Acr00226,Acr00226 type=II-C,MNFLVCPKLGINYFKLQNTPAAEYYRGCGKAWIAIANGIPQAIKYMDDFAYDPDLEASQREQFGVYRQKCRDYLSSKGRIESGHCSCWEFTTNAYYCEAESLLAAIESEREYMELNT,117,II-C
Acr00227,Acr00227 type=II-C,MNVYPVPDALQHHYKGRGIALGATRNGELVALVYVRDLIPDFADTVEAAPSIGDNARVAQVARALEKDFGFVRVGIVSSWEFCEL,85,II-C
Acr00228,Acr00228 type=II-C,MLYSEKVMDHFMHPRNVGEMENPSGVGEVGNAKCGDIMRMYLKIDENDIITDVKFKTYGCGTAIASSSMATELIKGKSINDAINLSNKEVAENLDGLPPIKMHCSVLAEEAIKAALYDYQEKSGHKVKGLENYEPPKDDLHDHEHVELD,149,II-C
Acr00229,Acr00229 type=II-C,MASVTTFPLPDNLARERIETGWALAAISGNQIAAVREFRRLSPQVAQHLPIGAEQAAEVIRRWLDTLPASSVVDELQQLGRITVGMCHEGQFLEC,95,II-C
Acr00230,Acr00230 type=II-C,MANKTYKIGKNAGYDGCGLCLAAISENEAIKVKYLRDICPDYDGDDKAEDWLRWGTDSRVKAAALEMEQYAYTSVGMASCWEFVEL,86,II-C
Acr00231,Acr00231 type=II-C,MSKNNIFNKYPTIIHGEARGENDEFVVHTRYPRFLARKSFDDNFTGEMPAKPVNGELGQIGEPRRLAYDSRLGLWLSDFIMLDNNKPKNMEDWLGQLKAACDRIAADDLMLNEDAADLEGWDD,123,II-C
Acr00232,Acr00232 type=II-C,MAAFLKGFKMSKNNIFNKYPTIIHGEARGENDEFVVHTRYPRFLARKSFDDNFTGGIPAKPVNGELGQIGEPRRLAYDSRLGLWLSDFIMLDNNKPESMEDWLGQLKAACDRIAADDLMLNEDAAALEGWDD,132,II-C
Acr00233,Acr00233 type=II-C,MSKNNIFNKYPTIIHGEARGENDEFVVHTRYPRFLARKSFDDNFTGGIPAKPVNGELGQIGEPRRLAYDSRLGLWLSDFIMLDNNKPESMEDWLGQLKAACDRIAADDLMLNEDAAALEGWDD,123,II-C
Acr00234,Acr00234 type=II-C,MSKNNIFKKYPPIIHGEARGENDEFVVHTRYPRFLARKSFDDNFTGEMPAKPVDGELGQIGEPLRLAYDSRLGLWLSDFIMLDNNKPENMEDWLGQLKAACDRIAADDLMLNEDAAALEGWDD,123,II-C
Acr00235,Acr00235 type=II-C,MSKNNIFKKYPTIIHGEARGENDEFVVHTRYPRFLARKSFDNNFTGEMPAKPVNGELGQIGEPLRLAYDSRMGLWLSDFIMLDNNKPENMEEWLEQLKAACDRIAADDLMLNEDAADLEDLDD,123,II-C
Acr00236,Acr00236 type=II-C,MSKNNIFKKYPPIIHGEARGENDEFVVHTRYPRFLARKSFDNNFTGEMPAKPVNGELGQIGEPRRLAYDSRLGLWLSDFIMLDKNKPENMEEWLEQLKVACDRIAADDLMLNEDAADLEDLDD,123,II-C
Acr00237,Acr00237 type=II-C,MSKNNIFKKYPPIIHGEARGENDEFVVHTRYPRFLARKSFDDNFTGEMPAKPVDGELGQIGEPLRLAYDSRIGLWLSDFIMLDKNKPENMEEWLEQLKAACDRIAADDLMLNEDAADLGDLDD,123,II-C
Acr00238,Acr00238 type=II-C,MSKNNIFKKYPPIIHGEARGENDEFVVHTRYPRFLARKSFDENFTGEMPAKPVDGELGQIGEPLRLAYDSRMGLWLSDFIMLDKNKPENMEEWLEQLKAACDRIAADDLMLNEDAADLGDLDD,123,II-C
Acr00239,Acr00239 type=II-C,MSKNNIFKKYPPIIHGEARGENDEFVVHTRYPRFLARKSFDDNFTGGIPAKPIDGELGQIGEPRRLAYDSRLGFWLSDFIMLDKNKPENMEEWLEQLKAACDRIAADDLMLNEDAAALEGWDD,123,II-C
Acr00240,Acr00240 type=II-C,MSKNNIFKKYPPIIHGEARGENDEFVVHTRYPRFLARKSFDDNFTGEMPAKPVDGELGQIGEPLRLAYDSRIGLWLSDFIMLDKNKPENMEEWLEQLKAACDRIAADDLMLNEDAADLGDFDD,123,II-C
Acr00241,Acr00241 type=II-C,MSKNNIFKKYPPIIHGEARGENDEFVVHTCYPRFLARKSFDDNFTGEIPAKPIDGELGQIGEPLRLAYDSRIGLWLSDFIMLDKNKPENMEEWLEQLKAACDRIAADDLMLNEDAAALEGWDD,123,II-C
Acr00242,Acr00242 type=II-C,MSKNNIFKKYPPIIHGEARGENDEFVVHTRYPRFLARKSFDDNFTGEIPAKPIDGELGQIGEPLRLAYDSRIGLWLSDFIMLDKNKPENMEEWLEQLKAACDRIAADDLMLNEDAADLGDFDD,123,II-C
Acr00243,Acr00243 type=II-C,MDEIDELSDLPTPRFIWGFAIAVTPSGEVSHDEFEYLTHTRAPRFTCRVVELEDMPAEPEEDGDIDGRIVHFDNPKRMFYITDLGLALMNFTLFDRVDSKAKLKKACDDAIADWLMRRDFLDSEPEDDEE,130,II-C
Acr00244,Acr00244 type=II-C,MDEIDELSDLPTPRFIWGFAIAVTPSGEVSHDEFEYLTHTRAPRFTCRVVELEDMPAEPEEDGDIDGRIVHFDNPKRMFYITDLGLALMNFTLFDRVDSKAKLKKACDDAIADWLTRRDFLDSEPEDDEE,130,II-C
Acr00245,Acr00245 type=II-C,MDEIDELSDLPTPRFIWGFAIAVTQSGEVSHDEFEYLTHTRAPRFTCRVVELEDLPAEPEEDGDIDGRIVHFDNPKRMFYITDLGLALMNFTLFDRVESKAKLKKACDDAIADWLTRRDFLDSEPEDDEE,130,II-C
Acr00246,Acr00246 type=II-C,MDEIDELSDLPTPRFIWGFAITVTPSGEVSHDEFEYLTHTRAPRFTCRVVELEDLPAEPEEDGDIDGRIVHFDNPKRMFYITDLGLALMNFTLFDRVESKAKLKKACDDAIADWLTRRDFLDSEPEDDEE,130,II-C
Acr00247,Acr00247 type=II-C,MDEIDELSDLPTPRFIWGFAIAVTPSGEVSHDEFEYLTHTRAPRFTCRVVELEDLPAEPEEDGDIDGRIVHFDNPKRMFYITDLGLALMNFTLFDRVESKAKLKKACDDAIADWLTRRDFLDSEPEDDEE,130,II-C
Acr00248,Acr00248 type=II-C,MDEIDDLSDLPMPRFIWGFAIFTPKGGEVMHDEFEYLTHTRSPRFTCRVVELEDMPADSEESGIDGRIVHYDEPGRLFYITDAGLALVNFELFDNLPDKNKLKKVCDEAIENWLLRRDFLDSEEGEED,128,II-C
Acr00249,Acr00249 type=II-C,MDEIDELSDLPTPRFIWGFAIAVSPSGEVSHDEFEYLTHTRAPRFTCRVVELEDMPAEPEEDGDIDGRIVHFDNPKRMFYITDLGLALMNFTLFDRIDSKAKLKQACDDAIADWLTRREFLDSEPEDDEG,130,II-C
Acr00250,Acr00250 type=II-C,MDEIDELSDLPTPRFIWGFAIAVSPSGEVSHDEFEYLTHTRAPRFTCRVVELEDMPAEPEEDGDIDGRIVHFDNPKRMFYITDLGLALMNFTLFDRIDSKAKLKKACDDAIADWLTRREFLDSEPEDDEE,130,II-C
Acr00251,Acr00251 type=II-C,MDEIDELSDLPTPRFIWGFAIAVSPSGEVSHDEFEYLTHTRAPRFTCRVVELEDMPAEPEEDGDIDGRIVHFDNPKRMFYITDLGLALMNFTLFDRIDSKTKLKKACDDAIADWLTRREFLDSEPEDDEE,130,II-C
Acr00252,Acr00252 type=II-C,MDEIDELSDLPTPRFIWGFAIAVTPSGEVSHDEFEYLTHTRAPRFTCRVVELEDAPAEPEDDAGIDGRIVHFDNPKRMFYITDLGLALMNFTLFDKVDSKAKLKKACDEAIADWLARREFLDSEPDDDEE,130,II-C
Acr00253,Acr00253 type=II-C,MDEIDELSDLPTPRFIWGFAIAVTPSGEVSHDEFEYLTHTRTPRFTCRVVELEDAPAEPEDEGDIDGRIVHFDNPKRMFYITDLGLALMNFTLFDKVDNKSKLKDACDQAIADWLTRREFLDSEPDDDED,130,II-C
Acr00254,Acr00254 type=II-C,MDEIDELSDLPTPRFIWGFAIAVTPSGEVSHDEFEYLTHTRVPRFTCRVVELEDAPAEPEDEGDIDGRIVHFDNPKRMFYITDLGLALMNFTLFDKVDNKTKLKNACDQAIADWLTRREFLDSEPDDDEDD,131,II-C
Acr00255,Acr00255 type=II-C,MDEIDELSDLPTPRFIWGFAIAVTPSGEVSHDEFEYLTHTRSPRFTCRVVELEDMPAEPEDDGDIDGRIVHFENPKRMFYITDLGLALMNFTLFDKVDNKAKLKNACDEAIADWLTRRDFLDSEEDDEE,129,II-C
Acr00256,Acr00256 type=II-C,MDEIDELSDLPTPRFIWGFAIAVTPSGEVSHDEFEYLTHTRTPRFTCRVVELEDAPAEPEDEGDIDGRIVHFDNPKRMFYITDLGLALMNFTLFDKVDNKAKLKDACDQAIADWLTRREFLDSEPDDDEDD,131,II-C
Acr00257,Acr00257 type=II-C,MDEIDELSDLPTPRFIWGFAIDVTPSGEVSHDEFEYLTHTRSPRFTCRVVELEDMPAEPEDDGDIDGRIVHFENPKRMFYITDLGLALMNFTLFDKVDNKAKLKNACDEAIADWLTRRDFLDSEEDDEE,129,II-C
Acr00258,Acr00258 type=II-C,MDEIDELSDLPTPRFIWGFAIDVTPSGEVSHDEFEYLTHTRAPRFACRVVELEDMPAEPEDDGDIDGRIVHFENPKRMFYITDLGLALMNFTLFDKVDNKAKLKKACDEAIADWLTRRDFLDSEEDDEE,129,II-C
Acr00259,Acr00259 type=II-C,MDEIDDLSDLPMPRFIWGFAIFTPKGGEVMHDEFEYLTHTRAPRFTCRVVELEDMPVDSEESGIDGRIVHYDEPGRLFYISDAGIALVNFELFDKVPEKQKLKKICDEAIENWMLRRDFLDSEEGEEG,128,II-C
Acr00260,Acr00260 type=II-C,MDEIDDLSDLPMPRFIWGFAIFTPKGGEVMHDEFEYLTHTRAPRFTCRVVELEDMPVDSEESGIDGRIVHYDEPGRLFYISDAGIALVNFELFDKVPEKQKLKKICDEAIENWMLRRDFLDSEEGEED,128,II-C
Acr00261,Acr00261 type=II-C,MDEIDDLSDLPMPRFIWGFAIFTPKGGEVMHDEFEYLTHTRAPRFTCRVVELEDMPVDSEETGIDGRIVHYDEPGRLFYISDAGIALVNFELFDKVPEKQKLKKICDEAIENWMLRRDFLDSEEGEED,128,II-C
Acr00262,Acr00262 type=II-C,MDEIDELSDLPTPRFIWGFAIAVTPSGEVSHDEFEYLTHTRTPRFTCRVVELEDAPAEPEDEGDIDGRIVHFDNPKRMFYITDLGLALMNFTLFDKVDNKSKLKNACDQAIADWLTRRDFLDSEPDDDEDD,131,II-C
Acr00263,Acr00263 type=II-C,MDEIEDLSDLPMPRFIWGFAVVAGKGGEVMHDEFEYLTHTRSPRFTCRVVELEDVPADNGEDDIDGRIVHHDEPRRLFYITDAGMALVNFEFFDKLPEKAKLKKVCDEAIANWMLRREFLDEEEED,126,II-C
Acr00264,Acr00264 type=II-C,MDDMDEIDDLSDLPMPRFIWGFAITASKGGEVSHDEFEYLTHTHNPRFSCRVVELEDVPADSEESGIDGRLVHYDEPDRLFYITDAGMALVNFQMFDKLPEKSRLKKVCDEAIKNWMLRREFLDDEEDEG,130,II-C
Acr00265,Acr00265 type=II-C,MDDMDELDDLSDLPIPQFIWGFAVIANKGGDVMHDEFEYLTHTRSPRFTCRVVELEDMPADSEDSGIDGRIVHHDEPDRMFYITDIGMALVNFQLFDKLPDKGKLKKVCDEAIANWMLRREFLDDEEDEA,130,II-C
Acr00266,Acr00266 type=II-C,MDELDELDDLSDLPMPRFIWGFAVVASKGGDVTHDEFEYLTHTRSPRFTCRVVELEDMPADSEESGIDGRVVHYDEPDRLFYITDAGMALVNFQLFDKLPDKAKLKKVCDEAIANWMLRREFLDDEEDGE,130,II-C
Acr00267,Acr00267 type=II-C,MDEIDDLSDLPMPRFIWGFAIFTPKGGEVMHDEFEYLTHTRSPRFTCRVVELEDMPADSEENGIDGRIVHYDEPGRLFYITDAGLALVNFELFDSLPDKNKLKKVCDEAITNWLLRRDFLESEEDEED,128,II-C
Acr00268,Acr00268 type=II-C,MDEIDDLSDLPMPRFIWGFAVVANKGGEIMHDEFEYLTHTRSPRFTCRVVELEDMPADSEESGIDGRVVHYDEPDRLFYITDAGMALVNFQLFDKLPDKAKLKKVCDEAIANWMLRREFLDDEEDEG,127,II-C
Acr00269,Acr00269 type=II-C,MDDMDEIDDLSDLPMPRFIWGFAVIANKGGDVMHDEFEYLTHTRSPRFTCRVVELEDMPADSEDSGIDGRIVHHDEPDRMFYITDIGMALVNFQLFDKLPDKGKLKKVCDEAIANWMLRREFLDDEEDEA,130,II-C
Acr00270,Acr00270 type=II-C,MDEIEDLSDLPMPRFIWGFAVIAGKSGEVMHDEFEYLTHTRSPRFTCRVVELEDMPAESEEDAIDGRIVHHDDPRRMFYITDAGMALVNFQLFDKMPDKQKFKRICDEAIANWMLRREFLDEEDED,126,II-C
Acr00271,Acr00271 type=II-C,MDEIEDLSDLPMPRFIWGFAVIAGKGGEVMHDEFEYLTHTRSPRFTCRVVELEDMPAESEEDAIDGRIVHDDDPSRMFYITDAGMALVNFQLFDKMPDKQKLKRICDEAIANWMLRREFLDEEEDD,126,II-C
Acr00272,Acr00272 type=II-C,MDEIEDLSDLPMPRFIWGFAVIAGKSGEVMHDEFEYLTHTRSPRFTCRVVELEDMPAESDEDAIDGRIVHHDDPRRMFYITDAGMALVNFQLSDKMPDKQKFKRICDEAIANWMLRREFLDEEEED,126,II-C
Acr00273,Acr00273 type=II-C,MDEIDDLSDLPMPRFIWGFAIATGKGGEVMHDEFEYLTHTRSPRFTCRVVELEDMPTESDESGIDGRIVHYDDPARLFYITDAGMALVNFELFDKLPDRQKLKKVCDEAIRNWMIRRDFLDSEDDED,127,II-C
Acr00274,Acr00274 type=II-C,MDEIDDLSDLPMPRFIWGFAVIANKGGDVMHDEFEYLTHTRSPRFTCRVVELEDMPADSEDSGIDGRIVHHDDPDRMFYITDIGMALVNFQLFDKLPDKGKLKNVCDEAIANWMLRREFLDDEEDEA,127,II-C
Acr00275,Acr00275 type=II-C,MDDMDEIDDLSDLPMPRFIWGFAVIANKGGDVMHDEFEYLTHTRSPRFTCRVVELEDMPADSEDSGIDGRIVHHDDPDRMFYITDIGMALVNFQLFDKLPDKGKLKNVCDEAIANWMLRREFLDDEEDEA,130,II-C
Acr00276,Acr00276 type=II-C,MDEIEDLSDLPMPRFIWGFAVIAGKGGEVMHDEFEYLTHTRSPRFTCRVVELEDMPAESEEDAIDGRIVHEDDPSRMFYITDAGMALVNFQLFDKMPDKQKFKRICDEAIANWMLRREFLDEEEED,126,II-C
Acr00277,Acr00277 type=II-C,MDEIDDLSDLPMPRFIWGFAIATGKGGEVMHDEFEYLTHTRSPRFTCRVVELEDMPTESDDSDIDGRIVHYDDPARLFYITDAGMALVNFELFDKLPDRQKLKKVCDEAIRNWMIRRDFLDSEDDED,127,II-C
Acr00278,Acr00278 type=II-C,MDEIEDLSDLPMPRFIWGFAVIAGKGGEVMHDEFEYLTHTRSPRFTCRVVELEDMPAESEEDAIDGRIVHDDDPSRMFYITDAGMALVNFQLFDKMPDKQKFKRICDEAIANWMLRREFLDEEEED,126,II-C
Acr00279,Acr00279 type=II-C,MDEIEDLSDLPMPRFIWGFAVIAGKGGEVMHDEFEYLTHTRSPRFTCRVVELEDMPAESEEDAIDGRIVHDDDPSRMFYITDAGMALVNFQLFDKMPDKQKFKRICDEAIANWMLRREFLDDEEED,126,II-C
Acr00280,Acr00280 type=II-C,MDEIEDLSDLPMPRFIWGFAVIAGKGGEVMHDEFEYLTHTRSPRFTCRVVELEDMPAESEEDAIDGRIVHDDDPSRMFYITDAGMALVNFHLFDKMPDKQKFKRICDEAIANWMLRREFLDEEEED,126,II-C
Acr00281,Acr00281 type=II-C,MDEIEDLSDLPMPRFIWGFAVIAGKGGEVMHDEFEYLTHTRSPRFTCRVVELEDMPAESEEDAIDGRIVHEDDPSRMFYITDAGMALVNFQLFDKMPDKQKFKRICDEAIANWMLRREFLDEEED,125,II-C
Acr00282,Acr00282 type=II-C,MDEIEDLSDLPMPRFIWGFAVIAGKGGEVMHDEFEYLTHTRSPRFTCRVVELEDMPAESEEDAIDGRIVHDDDPSRMFYITDAGMALVNFHLFDKMPDKQKFKRICDEAIANWMLRREFLDDEEED,126,II-C
Acr00283,Acr00283 type=II-C,MDEIEDLSDLPMPRFIWGFAVIAGKGGEVMHDEFEYLTHTRSPRFTCRVVELEDMPAESEEDAIDGRIVHEDDPSRMFYITDAGMALVNFQLFDRMPDKQKFKRICDEAIANWMLRREFLDEEED,125,II-C
Acr00284,Acr00284 type=II-C,MDEIEDLSDLPMPRFIWGFAVAAGRSGEVLHDEFEYLTHTRSPRFTCRVVELEDVPTDNDEGGIDGRIVHPDDPRRMFYITDAGMALVNFAMFDKMPERQKLKQICDDAIANWMLRREFLEEGEGEDDEE,130,II-C
Acr00285,Acr00285 type=II-C,MDEIEGLSDLPMPRFIWGFAVAAGRDGDVLHDEFEYLTHTRTPRFTCRVVELEDVPSDNEEGDIDGRIVHPDDPRRMFYITDAGMALVNFAMFDKMPDRQKLKKICDDAIANWMLRREFLEDEEDEDDEE,130,II-C
Acr00286,Acr00286 type=II-C,MDEIDDLSDLPTPRFIWGFAITTGKGGEVMHDEFEYLTHTQAPRFSCRVVELEDMPADDEESDEVDVDGRIVHFDDAARMFYITDIGMALVNFQLFDPPGDKGRLKKVCDEAIRNWLLRRDFLDEDDDMAG,131,II-C
Acr00287,Acr00287 type=II-C,SMSKNNIFNKYPTIIHGEARGENDEFVVHTRYPRFLARKSFDDNFTGEMPAKPVNGELGQIGEPRRLAYDSRLGLWLSDFIMLDNNKPKNMEDWLGQLKAACDRIAADDLMLNEDAADLEGWDD,124,II-C
Acr00288,Acr00288 type=II-C,MASKNNIFNKYPTIIHGEARGENDEFVVHTRYPRFLARKSFDDNFTGEMPAKPVNGELGQIGEPRRLAYDSRLGLWLSDFIMLDNNKPKNMEDWLGQLKAACDRIAADDLMLNEDAADLEGWDD,124,II-C
Acr00289,Acr00289 type=II-C,MFKRAIIFTSFNGFEKVSRTEKRRLAKIINARVSIIDEYLRAKDTNASLDGQYRAFLFNDESPAMTEFLAKLKAFAESCTGISIDAWEIEESEYVRLPVERRDFLAAANGKEIFKI,116,II-C
Acr00290,Acr00290 type=II-C,MFKRAIIFTSFNGFEKVSRTEKRQLAKIINSEVSIINEHLEAKATNASLDGQYRAFLFNDESPAMTELLAKLKAFAESCTGISIDAWEIEESEYVRLPVERRDFLAAANGKEIFKI,116,II-C
Acr00291,Acr00291 type=II-C,MFKRAIIFTSFNGLETVSQTEKRQLAKIINSEVSIINEHLEAKATNASLDGQYRAFLFNDESPAMTEFLAKLKAFAESCTGISIDAWEIEESEYVRLPVERRDFLAAANGKEIFKI,116,II-C
Acr00292,Acr00292 type=II-C,MFKRAIIFTSFNGFEKVSRTEKRRLAKIINSRVSITDEYLRAKDTNASLDGQYRAFLFNDESPAMTEFLAKLKAFAESTAGINIDAWEIEESEYNSLPLKQKDFLAAANGKEIFKI,116,II-C
Acr00293,Acr00293 type=II-C,MFKRAIIFTSFNGFEKVSRTEKRQLAKITNSEVSIINEHLEAKATNASLDGQYRAFLFNDESPAMTEFLAKLKAFAESTAGINIDAWEIEESEYVRLPVERRDFLAAANGKEIFKI,116,II-C
Acr00294,Acr00294 type=II-C,MFKRAIIFTSFNGLETVSQTEKRRLAKIINSRVSITDEYLRAKDTNASLDGQYRAFLFNDESPAMTEFLAKLKAFAESTAGINIDAWEIEESEYNSLPLKQKDFLAAANGKEIFKI,116,II-C
Acr00295,Acr00295 type=II-C,MFKRAIIFTSFNGLETVSQTEKRQLAKIINSEVSIINEHLEAKATNASLDGQYRAFLFNDESPAMTEFLAKLKAFAESTAGINIDAWEIEESEYVRLPVEQKDFLAAANGKEIFKI,116,II-C
Acr00296,Acr00296 type=II-C,MFKRAIIFTSFNGLETVSQTEKRQLAKIINSEVSIINEHLEAKATNASLDGQYRAFLFNDESPAMTEFLAKLKAFAESTAGINIDAWEIEESEYIRLPVEQKDFLAAANGKEIFKI,116,II-C
Acr00297,Acr00297 type=II-C,MDRQQACHRHLDGFKDKRKDFKMFKRAIIFTSFNGLETVSQTEKRQLAKIINSEVSIINEHLEAKATNASLDGQYRAFLFNDESPAMTEFLAKLKAFAESTAGINIDAWEIEESEYVRLPVEQKDFLAAANGKEIFKI,138,II-C
Acr00298,Acr00298 type=II-C,MFKRAIIFTSFNGFEKVSQTEKRQLAKIINSEVSIINEHLEAKATNASLDGQYRAFLFNDESPAMTEFLAKLKAFAESTAGINIDAWEIEESEYNSLPLKQKDFLAAANGKEIFKI,116,II-C
Acr00299,Acr00299 type=II-C,MFKRAIIFTSFNGLETVSQTEKRQLAKIINSEVSIINEHLEAKATNASLDGQYRAFLFNDESPAMTEFLAKLKAFAESTAGINIDAWEIEESEYVRLPVEQKDFLAAAANGKEIFKI,117,II-C
Acr00300,Acr00300 type=II-C,MFKRAIIFTSFNGLETVSQTEKRQLAKIINSEVSITDEYLRAKDTNASLDGQYRAFLFNDESPAMTEFLAKLKAF,75,II-C
Acr00301,Acr00301 type=II-C,DTNASLDGQYRAFLFNDESPAMTEFLAKLKAFAESTAGINIDAWEIEESEYNSLPLKQKDFLAAANGKEIFKI,73,II-C
Acr00302,Acr00302 type=II-C,MFKRAIIFTSFNGFEKVSRTEKRRLAKIINSRVSITNEHLKPKTPTHRLTVNTALSCSTTNRPR,64,II-C
Acr00303,Acr00303 type=II-C,MFKRAIIFTSFNGFEKVSRTEKRRLAKIINTRVSIIDEYLRAKDTNASLDGQYRAFLFNDESPAMTEFLAKLKAFAESCTGISIDAWEIEESEYVRLPVERRDFLAAANGKEIFKI,116,II-C
Acr00304,Acr00304 type=II-C,MAFKRAIIFTSFNGFEKVSRTEKRRLAKIINARVSIIDEYLRAKDTNASLDGQYRAFLFNDESPAMTEFLAKLKAFAESCTGISIDAWEIEESEYVRLPVERRDFLAAANGKEIFKI,117,II-C
Acr00305,Acr00305 type=II-C,MKITSSNFATIATSENFAKLSVLPKNHREPIKGLFKSAVEQFSSARDFFKNENYSKELAEKFNKEAVNEAVEKLQKAIDLAEKQGIQF,88,II-C
Acr00306,Acr00306 type=II-C,MNNSIKFHVSYDGTARALFNTKEQAEKYCLVEEINDEMNGYKRKSWEEKLREENCASVQDWVEKNYTSSYSDLFNICEIEVSSAGQLVKIDNTEVDDFVENCYGFTLEDDLEEFNKAKQYLQKFYAECEN,130,II-C
Acr00307,Acr00307 type=III,MNKVYLANAFSINMLTKFPTKVVIDKIDRLEFCENIDNEDIINSIGHDSTIQLINSLCGTTFQKNRVEIKLEKEDKLYVVQISQRLEEGKILTLEEILKLYESGKVQFFEIIVD,114,III
Acr00308,Acr00308 type=V-A,MYEAKERYAKKKMQENTKIDTLTDEQHDALAQLCAFRHKFHSNKDSLFLSESAFSGEFSFEMQSDENSKLREVGLPTIEWSFYDNSHIPDDSFREWFNFANYSELSETIQEQGLELDLDDDETYELVYDELYTEAMGEYEELNQDIEKYLRRIDEEHGTQYCPTGFARLR,170,V-A
Acr00309,Acr00309 type=V-A,MSKAMYEAKERYAKKKMQENTKIDTLTDEQHDALAQLCAFRHKFHSNKDSLFLSESAFSGEFSFEMQSDENSKLREVGLPTIEWSFYDNSHIPDDSFREWFNFANYSELSETIQEQGLELDLDDDETYELVYDELYTEAMGEYEELNQDIEKYLRRIDEEHGTQYCPTGFARLR,174,V-A
Acr00310,Acr00310 type=V-A,SKAMYEAKERYAKKKMQENTKIDTLTDEQHDALAQLCAFRHKFHSNKDSLFLSESAFSGEFSFEMQSDENSKLREVGLPTIEWSFYDNSHIPDDSFREWFNFANYSELSETIQEQGLELDLDDDETYELVYDELYTEAMGEYEELNQDIEKYLRRIDEEHGTQYC,165,V-A
Acr00311,Acr00311 type=V-A,MHHTIARMNAFNKAFANAKDCYKKMQAWHLLNKPKHAFFPMQNTPALDNGLAALYELRGGKEDAHILSILSRLYLYGAWRNTLGIYQLDEEIIKDCKELPDDTPTSIFLNLPDWCVYVDISSAQIATFDDGVAKHIKGFWAIYDIVEMNGINHDVLDFVVDTDTDDNVYVPQPFILSSGQSVAEVLDYGASLFDDDTSNTLIKGLLPYLLWLCVAEPDITYKGLPVSREELTRPKHSINKKTGAFVTPSEPFIYQIGERLGSEVRRYQSIIDGEQKRNRPHTKRPHIRRGHWHGYWQGTGQAKEFRVRWQPAVFVNSGRVSS,322,V-A
Acr00312,"Acr00312 type=V-A, I-C",MVGKSKIDWQSIDWTKTNAQIAQECGRAYNTVCKMRGKLGKSHQGAKSPRKDKGISRPQPHLNRLEYQALATAKAKASPKAGRFETNTKAKTWTLKSPDNKTYTFTNLMHFVRTNPHLFDPDDVVWRTKSNGVEWCRASSGLALLAKRKKAPLSWKGWRLISLTKDNK,168,"V-A,"
Acr00313,Acr00313 type=V-A,MYEIKLNDTLIHQTDDRVNAFVAYRYLLRRGDLPKCENIARMYYDGKVIKTDVIDHDSVHSDEQAKVSNNDIIKMAISELGVNNFKSLIKKQGYPFSNGHINSWFTDDPVKSKTMHNDEMYLVVQALIRACIIKEIDLYTEQLYNIIKSLPYDKRPNVVYSDQPLDPNNLDLSEPELWAEQVGECMRYAHNDQPCFYIGSTKRELRVNYIVPVIGVRDEIERVMTLEEVRNLHK,234,V-A
Acr00314,Acr00314 type=V-A,MKIELSGGYICYSIEEDEVTIDMVEVTTKRQGIGSQLIDMVKDVAREVGLPIGLYAYPQDDSISQEDLIEFYFSNDFEYDPDDVDGRLMRWS,92,V-A
Acr00315,Acr00315 type=VI-A,MEKIKLICLRINNDELITTDKDEWLKFIKRHRGKVSSIEQFNWKIPGNKLQKALEYSFDELYKFKQKENRRETD,74,VI-A
Acr00316,Acr00316 type=VI-A,MIYYIKDLKVKGKIFENLMNKEAVEGLITFLKKAEFEIYSRENYSKYNKWFEMWKSPTSSLVFWKNYSFRCHLLFVIEKDGECLGIPASVFESVLQIYLADPFAPDTKELFVEVCNLYECLADVTVVEHFEAEESAWHKLTHNETEVSKRVYSKDDDELLKYIPEFLDTIATNKKSQKYNQIQGKIQEINKEIATLYESSEDYIFTEYVSNLYRESAKLEQHSKQILKE,229,VI-A
Acr00317,Acr00317 type=VI-A,MWKCKKCGCDRFYQDITGGISEVLEMDKDGEVLDEIDDVEYGDFSCAKCDNSSSKIQEIAYWDEINGKNKTYLSKDK,77,VI-A
Acr00318,Acr00318 type=VI-A,MFKEFLEKCLRYGNLYILEETGDRKKVKRISKRHGKVTEASVLLFDSGTKRTTINEIYLNSQGYFIIRDQKRLKLEKFK,79,VI-A
Acr00319,Acr00319 type=VI-A,MDKANRCLKAKDKILNILEKEEITLDEFNNISKDIAKEYVEKAVLKPKDIAERIINMVKNAKSISFDELASEISEE,76,VI-A
Acr00320,Acr00320 type=VI-A,MERNFKKVTENTGRKEVFKVMHDKVEIINDFNTNEKREARIIFHDQKIYVILYQNLNFEELKWLNFYILIYGNQSYGKNTFFEFKLNKNNLIYHLQVWNIIENKKFKSKSISLLVKALSSKAGV,124,VI-A
Acr00321,Acr00321 type=VI-A,MADKVKSIQPGPIFYDVFLVYLRVIGTNLKDWCAPHGVTATNAKSAATGGWNGTKARALRQKMIDEVGEETFLRLYTERLRREAA,85,VI-A
Acr00322,Acr00322 type=VI-A,MRIIKLYERIIPKTSSTSYISRWEALNIPDENRNTAAWHPRTYLFSYDKDKAINLYNTTNVLGNSGIKKRIIDYPSKREVYIANFPRAIADLVLTMKDYQLSSLHNCCNDFFNEDETEQLYQYLRSIKDNRRVDEFLKYEFTVRYFNDKKF,151,VI-A
Acr00323,Acr00323 type=VI-B,MDRLSIYELLSFVVPGVIMIELINFSAEYVFGKDRLITAGNLSDGLLFFAIALFIGCLIHIITFRLIKRKWYKKLAYKPINEIENNAYIKQIFTTLKEEYSKIHNINSIDEISKLNIFEAVITT,124,VI-B
Acr00324,Acr00324 type=VI-B,MDEGTLLINILTGPAKDKPLWFEFIGIGVTISLAAWGYLRAFGAWEKQKKRELELQHKQRKLEIKLQFEKQRYEHELKAAEGVWPLLAYFSLWENDKSVFVKRGDHWYFRQEQGREYILALSENFFNKGYGVFMPGPAKENLYHFRGMIYKLLQDSKSNGNDNNEVLLKNQSMVQKKDKQAAPNKKSVEQLKDEINASLRNMLQKSEIDLD,211,VI-B
Acr00325,Acr00325 type=VI-B,MEKFSLYDFLAIILPGIAFIVVFRIIFSSLHLSLPVDIPLGLESTIVYALICGAVLYVLSFSLVKLFPRLFGLYRHVADLYQKMKALHPIMNDTLNRQAERWGLGKIYLSEEEFCQSEEKEKIRMLQSDFYDRMWYRLDFRGKLGSAKSFQCYYFFFRHSFWGLVLISLILLSYKLLAYIPACDMEDIGRREYSDIAVPIMILSALFVFLAQWFRIKMVEKMYWTFYISLIEQENSNL,238,VI-B
Acr00326,Acr00326 type=VI-B,MEKFSLYDFLAIILPGIAFIVVFRIIFSSLHLSLPVDIPLGLESTIVYALICGAVLYVLSFSLVKLFPRLFGLYRHVADLYQKMKALHPIMNDTLNRQAEQWGLGKIYLSEEEFCQSEEKEKIRMLQSDFYDRMWYRLDFRGKLGNAKSFQCYYFFFRHSFWGLVLISLILLSYKLLAYIPACDMEDIGWREYSDIAVPIMILSALFVFLAQWFRIKMVEKMYWTFYISLIEQENSNL,238,VI-B
Acr00327,Acr00327 type=VI-B,MEKFSLYDFLAIILPGIAFIVVFRIIFSSLHLSLPVDIPLGLESTIVYALICGAVLYVLSFSLVKLFPRLFGLYRHVADLYQKMKALHPIMNDTLNRQAERWGLGKIYLSEEEFCQSEEKEKIRMLQSDFYDRMWYRLDFRGKLGNAKSFQCYYFFFRHSFWGLVLISLILLSYKLLAYIPACDMEDIGWREYSDIAVPIMILSALFVFLAQWFRIKMVEKMYWTFYISLIEQENSNL,238,VI-B
Acr00328,Acr00328 type=VI-B,MEKFSLYDFLAIILPGIAFIVVFRIIFSSLHLSLPVDIPLGLESTIVYALICGAVLYVLSFSLVKLFPRLFGLYRHVADLYQKMKALHPIMNDTLNRQAEQWGLGKIYLSEEEFCQSEEKEKIRMLQSDFYDRMWYRLDFRGKLGSAKSFQCYYFFFRHSFWGLVLISLILLSYKLLAYIPACDMEDIGWREYSDIAVPIMILSALFVFLAQWFRIKMVEKMYWTFYISLIEQENSNL,238,VI-B
Acr00329,Acr00329 type=VI-B,MEKFSLYDFLAIILPGIAFIVVFRIIFSSLHLSLPVDIPLGLESTIVYALICGAVLYVLSFSLVKLFPRLFGLYRHVADLYQKMKALHPIMNDTLNRQAERWGLGKIYLSEEEFCQSEEKEKIRMLQSDFYDRMWYRLDFRGKLGSAKSFQCYYFFFRHSFWGLVLISLILLSYKLLAYIPACDMEDIGWREYSDIAVPIMILSALFVFLAQWFRIKMVEKMYWTFYISLIEQENSNL,238,VI-B
Acr00330,Acr00330 type=VI-B,MEKFSLYDFLAIILPGIAFIVVFRVVFSSLHLSLPVDIPLDLEFTIVYALICGAVLYVLSFSLVKLFPRLFGLYRHVADLYQRMKALHPIMNDTLNRQAEQWGLGRIYLSEEEYCRSEEKEKIRMLQSDFYNRMWYRLDFRGKLGNAKSFQCYYFFFRHSFLGLVLISLILLSYKLLAYIPACELEDIGWKEYSDIAVPIIILSVLFVFLAQWFRIKMVEKMYWTFYISLIEQENSNL,238,VI-B
Acr00331,Acr00331 type=VI-B,MNKFSFYDFLSILLPGVIFLVAIRVAQLFWRFNTGLYFPQGWEFSLVYSLVIGASLYVLGFSVKKNYSGFFRCLGLYEHVTILYYRFETLHPFMNGALNKYAEEWNGTKPYCTVEQYDAMDASAQKEIEDAQDIFYDHMYYRLDCKGKLEGAKAFQSYYLCFLHSFLGLLIFGVYLLICILLSYFMDVLLADTWQVAFLFLMNLCVMYLFMRLARWFRQRMVLKMYWAFYESLIE,235,VI-B
Acr00332,Acr00332 type=VI-B,MNKFSLYDFLSILLPGVIFLVAIRVAQPFWRFNTGLYFPQGWEFSLVYSLVIGASLYVLGFSVKKNYSVFFRRLGLYEHVTILYHRFETLHPFMNGALNKYAEEWNGTKPYCTVEQYDAMDASAQKEIEDAQDIFYDHMYYRLDCKGKLEGAKAFQSYYLCFLHSFLGLLIFGVYLLICILLSYFMDVLLADTWQVAFLFLMNLCVMYLFMRLARWFRQRMVLKMYWAFYESLIE,235,VI-B
Acr00333,Acr00333 type=VI-B,MEKLSLYEILSFVVPGYVLLELSKWFGSFFIDANFNLDESLSNSLLQFIIALFLGIIIHVLTFKIFMKIKWYKDLIYKSVQKISVENDFIQKAIPFLNEHYIAHRKHTEKPVNENEAENNLFDYAYYYLEINDKIAAAKSFQSLYFLFRNFFTITLFFLPISVITILILYTQNYCCCLQRTALTAFILLIIIAFILVYIGRWLREKTVEKVIWSYYVAITHEENNNKTK,229,VI-B
Acr00334,Acr00334 type=VI-B,MDKLSLYELFSFVIPGGIALHLLNWCSVNVLSTGTLFNLSDLSNSLIALVFALLIGVTLHIITFNILLKCGSYRQIIYKSVQEIKLDDYIQQVIPFLNQEYFHNKKHEVAANTNNAVPAENLFDYAYYYLEVNGKNA,137,VI-B
Acr00335,Acr00335 type=VI-B,MDKLSLYELFSFVIPGGIALHLLNWCSVNVLSTGTLFNLSDLSNSLIALVFALLIGVTLHIITFNILLKCGSYRQIIYKSVQEIKLDDYIQQVIPFLNQEYFHNKKHEVAANTNNAVPAENLFDYAYYYLEVNGKNAQAKNFQSLYFFFRNMFTLGIVSIVILIIALVYSTITSVGKDVLSEIVLKIAFFAVIIGIAVPVANWLRKKMIITVFGCYYADRVHQTNK,226,VI-B
Acr00336,Acr00336 type=VI-B,MDKLSLYELFSFVIPGGIALHLLNWCSVNVLSTGTLFNLSDLSNSLIALVFALLIGVTLHIITFNILLKCGSYRQIIYKSVQEIKLDDYIQQVIPFLNQEYFHNKKHEVAANTNNAVPAENLFDYAYYYLEVNGKNAQAKNFQSLYFFFRNMFTLGIVSIVILIIALVYSTITSVGKDVLSEIVFKIAFFAVIIGIAVPVANWLRKKMIITVFGCYYADRVHQTNK,226,VI-B
Acr00337,Acr00337 type=VI-B,MDRLSIYELLSFVVPGVIMIELINFSAEYVFGKAPLITAGNLSDGLLFFAIALFIGCLIHIITFWLIKRKWYKKLACTPMDKMKNDEYITEILPDLKEIYRTNKGISVTENISNGSVFDTAYYYLEAQGKISQAKNFQSIYFLFRNIVTLSLFVLPVSVIFLLASFFMNDCSLSEKIITIIIGTFVLGGLSSVIAQWFRVKMTDRIFGLYYAELTHNKK,219,VI-B
Acr00338,Acr00338 type=VI-B,MERLSIYELLSFVVLGVIMIELMNFSAEYVFGKAPLITAGNLSDSLLFFAIALFIGCLIHIITFRLIKRKWYQKLACTPMDKMKNDEYITEILPHLKEIYRANKGISATENISNGSVFDTAYYYLEAQGKISQAKNFQSIYFLFRNIVTLSLFVLPVSVIFLLASFFMNDCKLSGKIITIVIGTLVIGGISSVIAQWFRVKMTDRIFGLYYAELTHHKK,219,VI-B
Acr00339,Acr00339 type=VI-B,MIELINFSAEYVFGKAPLITAGNLSDGLLFFAIALFIGCLIHIITFWLIKRKWYKKLACTPMDKMKNDEYITEILPDLKEIYRTNKGISVTENISNGSVFDTAYYYLEAQGKISQAKNFQSIYFLFRNIVTLSLFVLPVSVIFLLASFFMNDCSLSEKIITIIIGTFVLGGLSSVIAQWFRVKMTDRIFGLYYAELTHNKK,201,VI-B
